Hotel Name,Hotel URL,Room type,Number of guests,Price for 5 nights,Your choices
Alexandria Corniche - Camp Caesar Apartment,https://www.booking.com/hotel/eg/alexandria-corniche-camp-caesar-apartment.html?aid=304142&label=gen173nr-10CAQoggJCEXNlYXJjaF9hbGV4YW5kcmlhSDFYBGhDiAEBmAEzuAEXyAEM2AED6AEB-AEBiAIBqAIBuALvvNnPBsACAdICJGI3OWRhMjhlLTQ4YzMtNDU5Mi1hZGNkLTEzNDNiODk2ZTNlYdgCAeACAQ&ucfs=1&arphpl=1&checkin=2026-07-10&checkout=2026-07-15&group_adults=2&req_adults=2&no_rooms=1&group_children=0&req_children=0&hpos=3&hapos=3&sr_order=popularity&srpvid=b4918ff791bc0f60&srepoch=1777753715&all_sr_blocks=1628957601_433488625_4_0_0&highlighted_blocks=1628957601_433488625_4_0_0&matching_block_id=1628957601_433488625_4_0_0&sr_pri_blocks=1628957601_433488625_4_0_0__8000&from=searchresults,One-Bedroom Apartment Bedroom 1: 2 twin beds and 3 full beds Living room: 1 sofa bed 120 m² Private kitchen Balcony View Air conditioning Flat-screen TV Coffee machine Free Wifi Hot tub Kitchen Washing machine Towels Linens High chair TV Refrigerator Ironing facilities Tea/Coffee maker Iron Interconnecting room(s) available Microwave Heating Kitchenware Towels/Sheets (extra fee) Wake-up service/Alarm clock Electric kettle Outdoor furniture Outdoor dining area Oven Clothes rack Drying rack for clothing Child safety socket covers Sofa bed Single-room AC for guest accommodation Air purifiers Hand sanitizer | One-Bedroom Apartment | Bedroom 1: 2 twin beds and 3 full beds Living room: 1 sofa bed | Bedroom 1: 2 twin beds and 3 full beds | Bedroom 1: | 2 twin beds | 3 full beds | Living room: 1 sofa bed | Living room: | 1 sofa bed | 120 m² Private kitchen Balcony View Air conditioning Flat-screen TV Coffee machine Free Wifi Hot tub Kitchen Washing machine Towels Linens High chair TV Refrigerator Ironing facilities Tea/Coffee maker Iron Interconnecting room(s) available Microwave Heating Kitchenware Towels/Sheets (extra fee) Wake-up service/Alarm clock Electric kettle Outdoor furniture Outdoor dining area Oven Clothes rack Drying rack for clothing Child safety socket covers Sofa bed Single-room AC for guest accommodation Air purifiers Hand sanitizer | 120 m² Private kitchen Balcony View Air conditioning Flat-screen TV Coffee machine Free Wifi | 120 m² | Private kitchen | Balcony | View | Air conditioning | Flat-screen TV | Coffee machine | Free Wifi | Hot tub Kitchen Washing machine Towels Linens High chair TV Refrigerator Ironing facilities Tea/Coffee maker Iron Interconnecting room(s) available Microwave Heating Kitchenware Towels/Sheets (extra fee) Wake-up service/Alarm clock Electric kettle Outdoor furniture Outdoor dining area Oven Clothes rack Drying rack for clothing Child safety socket covers Sofa bed Single-room AC for guest accommodation Air purifiers Hand sanitizer | Hot tub | Kitchen | Washing machine | Towels | Linens | High chair | TV | Refrigerator | Ironing facilities | Tea/Coffee maker | Iron | Interconnecting room(s) available | Microwave | Heating | Kitchenware | Towels/Sheets (extra fee) | Wake-up service/Alarm clock | Electric kettle | Outdoor furniture | Outdoor dining area | Oven | Clothes rack | Drying rack for clothing | Child safety socket covers | Sofa bed | Single-room AC for guest accommodation | Air purifiers | Hand sanitizer,Max. people: 4,"EGP 4,282","Free cancellation before July 9, 2026 No prepayment needed – pay at the property | Free cancellation before July 9, 2026 | Free cancellation | No prepayment needed – pay at the property | No prepayment needed"
grey l studio apartments Corniche Alexandria,https://www.booking.com/hotel/eg/grey-l-studio-apartments-corniche-alexandria.html?aid=304142&label=gen173nr-10CAQoggJCEXNlYXJjaF9hbGV4YW5kcmlhSDFYBGhDiAEBmAEzuAEXyAEM2AED6AEB-AEBiAIBqAIBuALvvNnPBsACAdICJGI3OWRhMjhlLTQ4YzMtNDU5Mi1hZGNkLTEzNDNiODk2ZTNlYdgCAeACAQ&ucfs=1&arphpl=1&checkin=2026-07-10&checkout=2026-07-15&group_adults=2&req_adults=2&no_rooms=1&group_children=0&req_children=0&hpos=2&hapos=2&sr_order=popularity&srpvid=b4918ff791bc0f60&srepoch=1777753715&all_sr_blocks=1311608120_403940546_2_0_0&highlighted_blocks=1311608120_403940546_2_0_0&matching_block_id=1311608120_403940546_2_0_0&sr_pri_blocks=1311608120_403940546_2_0_0__15480&from=searchresults,Budget Double Room 2 twin beds 1 room 25 m² Air conditioning Private bathroom Flat-screen TV Soundproof Toilet Bathtub or shower Towels Linens Slippers Iron Hairdryer Wake-up service/Alarm clock Electric kettle Wake-up service Detached Private apartment in building Toilet paper | Budget Double Room | 2 twin beds | 1 room 25 m² Air conditioning Private bathroom Flat-screen TV Soundproof Toilet Bathtub or shower Towels Linens Slippers Iron Hairdryer Wake-up service/Alarm clock Electric kettle Wake-up service Detached Private apartment in building Toilet paper | 1 room 25 m² Air conditioning Private bathroom Flat-screen TV Soundproof | 1 room | 25 m² | Air conditioning | Private bathroom | Flat-screen TV | Soundproof | Toilet Bathtub or shower Towels Linens Slippers Iron Hairdryer Wake-up service/Alarm clock Electric kettle Wake-up service Detached Private apartment in building Toilet paper | Toilet | Bathtub or shower | Towels | Linens | Slippers | Iron | Hairdryer | Wake-up service/Alarm clock | Electric kettle | Wake-up service | Detached | Private apartment in building | Toilet paper,N/A,"EGP 8,285",N/A
grey l studio apartments Corniche Alexandria,https://www.booking.com/hotel/eg/grey-l-studio-apartments-corniche-alexandria.html?aid=304142&label=gen173nr-10CAQoggJCEXNlYXJjaF9hbGV4YW5kcmlhSDFYBGhDiAEBmAEzuAEXyAEM2AED6AEB-AEBiAIBqAIBuALvvNnPBsACAdICJGI3OWRhMjhlLTQ4YzMtNDU5Mi1hZGNkLTEzNDNiODk2ZTNlYdgCAeACAQ&ucfs=1&arphpl=1&checkin=2026-07-10&checkout=2026-07-15&group_adults=2&req_adults=2&no_rooms=1&group_children=0&req_children=0&hpos=2&hapos=2&sr_order=popularity&srpvid=b4918ff791bc0f60&srepoch=1777753715&all_sr_blocks=1311608120_403940546_2_0_0&highlighted_blocks=1311608120_403940546_2_0_0&matching_block_id=1311608120_403940546_2_0_0&sr_pri_blocks=1311608120_403940546_2_0_0__15480&from=searchresults,N/A,Max. people: 2,"EGP 9,942 | EGP 13,256 | EGP 16,570 | EGP 21,541",N/A
grey l studio apartments Corniche Alexandria,https://www.booking.com/hotel/eg/grey-l-studio-apartments-corniche-alexandria.html?aid=304142&label=gen173nr-10CAQoggJCEXNlYXJjaF9hbGV4YW5kcmlhSDFYBGhDiAEBmAEzuAEXyAEM2AED6AEB-AEBiAIBqAIBuALvvNnPBsACAdICJGI3OWRhMjhlLTQ4YzMtNDU5Mi1hZGNkLTEzNDNiODk2ZTNlYdgCAeACAQ&ucfs=1&arphpl=1&checkin=2026-07-10&checkout=2026-07-15&group_adults=2&req_adults=2&no_rooms=1&group_children=0&req_children=0&hpos=2&hapos=2&sr_order=popularity&srpvid=b4918ff791bc0f60&srepoch=1777753715&all_sr_blocks=1311608120_403940546_2_0_0&highlighted_blocks=1311608120_403940546_2_0_0&matching_block_id=1311608120_403940546_2_0_0&sr_pri_blocks=1311608120_403940546_2_0_0__15480&from=searchresults,Loft 1 king bed Entire studio 27 m² Balcony Air conditioning Private bathroom Flat-screen TV Soundproof More | Loft | 1 king bed | Entire studio 27 m² Balcony Air conditioning Private bathroom Flat-screen TV Soundproof More | Entire studio 27 m² Balcony Air conditioning Private bathroom Flat-screen TV Soundproof | Entire studio | 27 m² | Balcony | Air conditioning | Private bathroom | Flat-screen TV | Soundproof | More,N/A,"EGP 11,047",N/A
grey l studio apartments Corniche Alexandria,https://www.booking.com/hotel/eg/grey-l-studio-apartments-corniche-alexandria.html?aid=304142&label=gen173nr-10CAQoggJCEXNlYXJjaF9hbGV4YW5kcmlhSDFYBGhDiAEBmAEzuAEXyAEM2AED6AEB-AEBiAIBqAIBuALvvNnPBsACAdICJGI3OWRhMjhlLTQ4YzMtNDU5Mi1hZGNkLTEzNDNiODk2ZTNlYdgCAeACAQ&ucfs=1&arphpl=1&checkin=2026-07-10&checkout=2026-07-15&group_adults=2&req_adults=2&no_rooms=1&group_children=0&req_children=0&hpos=2&hapos=2&sr_order=popularity&srpvid=b4918ff791bc0f60&srepoch=1777753715&all_sr_blocks=1311608120_403940546_2_0_0&highlighted_blocks=1311608120_403940546_2_0_0&matching_block_id=1311608120_403940546_2_0_0&sr_pri_blocks=1311608120_403940546_2_0_0__15480&from=searchresults,Junior Suite with Balcony 1 king bed Private suite 32 m² Balcony Air conditioning Private bathroom Flat-screen TV Soundproof More | Junior Suite with Balcony | 1 king bed | Private suite 32 m² Balcony Air conditioning Private bathroom Flat-screen TV Soundproof More | Private suite 32 m² Balcony Air conditioning Private bathroom Flat-screen TV Soundproof | Private suite | 32 m² | Balcony | Air conditioning | Private bathroom | Flat-screen TV | Soundproof | More,N/A,"EGP 11,047",N/A
grey l studio apartments Corniche Alexandria,https://www.booking.com/hotel/eg/grey-l-studio-apartments-corniche-alexandria.html?aid=304142&label=gen173nr-10CAQoggJCEXNlYXJjaF9hbGV4YW5kcmlhSDFYBGhDiAEBmAEzuAEXyAEM2AED6AEB-AEBiAIBqAIBuALvvNnPBsACAdICJGI3OWRhMjhlLTQ4YzMtNDU5Mi1hZGNkLTEzNDNiODk2ZTNlYdgCAeACAQ&ucfs=1&arphpl=1&checkin=2026-07-10&checkout=2026-07-15&group_adults=2&req_adults=2&no_rooms=1&group_children=0&req_children=0&hpos=2&hapos=2&sr_order=popularity&srpvid=b4918ff791bc0f60&srepoch=1777753715&all_sr_blocks=1311608120_403940546_2_0_0&highlighted_blocks=1311608120_403940546_2_0_0&matching_block_id=1311608120_403940546_2_0_0&sr_pri_blocks=1311608120_403940546_2_0_0__15480&from=searchresults,Studio with Sea View 1 king bed Entire studio 27 m² Balcony Air conditioning Private bathroom Flat-screen TV Soundproof More | Studio with Sea View | 1 king bed | Entire studio 27 m² Balcony Air conditioning Private bathroom Flat-screen TV Soundproof More | Entire studio 27 m² Balcony Air conditioning Private bathroom Flat-screen TV Soundproof | Entire studio | 27 m² | Balcony | Air conditioning | Private bathroom | Flat-screen TV | Soundproof | More,N/A,"EGP 13,808",N/A
grey l studio apartments Corniche Alexandria,https://www.booking.com/hotel/eg/grey-l-studio-apartments-corniche-alexandria.html?aid=304142&label=gen173nr-10CAQoggJCEXNlYXJjaF9hbGV4YW5kcmlhSDFYBGhDiAEBmAEzuAEXyAEM2AED6AEB-AEBiAIBqAIBuALvvNnPBsACAdICJGI3OWRhMjhlLTQ4YzMtNDU5Mi1hZGNkLTEzNDNiODk2ZTNlYdgCAeACAQ&ucfs=1&arphpl=1&checkin=2026-07-10&checkout=2026-07-15&group_adults=2&req_adults=2&no_rooms=1&group_children=0&req_children=0&hpos=2&hapos=2&sr_order=popularity&srpvid=b4918ff791bc0f60&srepoch=1777753715&all_sr_blocks=1311608120_403940546_2_0_0&highlighted_blocks=1311608120_403940546_2_0_0&matching_block_id=1311608120_403940546_2_0_0&sr_pri_blocks=1311608120_403940546_2_0_0__15480&from=searchresults,Junior Suite with Sea View 1 king bed Private suite 30 m² Balcony Air conditioning Private bathroom Flat-screen TV Soundproof More | Junior Suite with Sea View | 1 king bed | Private suite 30 m² Balcony Air conditioning Private bathroom Flat-screen TV Soundproof More | Private suite 30 m² Balcony Air conditioning Private bathroom Flat-screen TV Soundproof | Private suite | 30 m² | Balcony | Air conditioning | Private bathroom | Flat-screen TV | Soundproof | More,N/A,"EGP 13,808",N/A
grey l studio apartments Corniche Alexandria,https://www.booking.com/hotel/eg/grey-l-studio-apartments-corniche-alexandria.html?aid=304142&label=gen173nr-10CAQoggJCEXNlYXJjaF9hbGV4YW5kcmlhSDFYBGhDiAEBmAEzuAEXyAEM2AED6AEB-AEBiAIBqAIBuALvvNnPBsACAdICJGI3OWRhMjhlLTQ4YzMtNDU5Mi1hZGNkLTEzNDNiODk2ZTNlYdgCAeACAQ&ucfs=1&arphpl=1&checkin=2026-07-10&checkout=2026-07-15&group_adults=2&req_adults=2&no_rooms=1&group_children=0&req_children=0&hpos=2&hapos=2&sr_order=popularity&srpvid=b4918ff791bc0f60&srepoch=1777753715&all_sr_blocks=1311608120_403940546_2_0_0&highlighted_blocks=1311608120_403940546_2_0_0&matching_block_id=1311608120_403940546_2_0_0&sr_pri_blocks=1311608120_403940546_2_0_0__15480&from=searchresults,King Suite with Balcony 1 king bed Private suite 40 m² Balcony Air conditioning Private bathroom Flat-screen TV Soundproof More | King Suite with Balcony | 1 king bed | Private suite 40 m² Balcony Air conditioning Private bathroom Flat-screen TV Soundproof More | Private suite 40 m² Balcony Air conditioning Private bathroom Flat-screen TV Soundproof | Private suite | 40 m² | Balcony | Air conditioning | Private bathroom | Flat-screen TV | Soundproof | More,N/A,"EGP 13,808",N/A
grey l studio apartments Corniche Alexandria,https://www.booking.com/hotel/eg/grey-l-studio-apartments-corniche-alexandria.html?aid=304142&label=gen173nr-10CAQoggJCEXNlYXJjaF9hbGV4YW5kcmlhSDFYBGhDiAEBmAEzuAEXyAEM2AED6AEB-AEBiAIBqAIBuALvvNnPBsACAdICJGI3OWRhMjhlLTQ4YzMtNDU5Mi1hZGNkLTEzNDNiODk2ZTNlYdgCAeACAQ&ucfs=1&arphpl=1&checkin=2026-07-10&checkout=2026-07-15&group_adults=2&req_adults=2&no_rooms=1&group_children=0&req_children=0&hpos=2&hapos=2&sr_order=popularity&srpvid=b4918ff791bc0f60&srepoch=1777753715&all_sr_blocks=1311608120_403940546_2_0_0&highlighted_blocks=1311608120_403940546_2_0_0&matching_block_id=1311608120_403940546_2_0_0&sr_pri_blocks=1311608120_403940546_2_0_0__15480&from=searchresults,King Suite with Sea View 1 king bed Private suite 40 m² Private kitchenette Private bathroom Balcony Air conditioning Flat-screen TV Soundproof More | King Suite with Sea View | 1 king bed | Private suite 40 m² Private kitchenette Private bathroom Balcony Air conditioning Flat-screen TV Soundproof More | Private suite 40 m² Private kitchenette Private bathroom Balcony Air conditioning Flat-screen TV Soundproof | Private suite | 40 m² | Private kitchenette | Private bathroom | Balcony | Air conditioning | Flat-screen TV | Soundproof | More,N/A,"EGP 17,951",N/A
Modern Apartment with Sea View - Alexandria,https://www.booking.com/hotel/eg/modern-apartment-with-sea-view-alexandria.html?aid=304142&label=gen173nr-10CAQoggJCEXNlYXJjaF9hbGV4YW5kcmlhSDFYBGhDiAEBmAEzuAEXyAEM2AED6AEB-AEBiAIBqAIBuALvvNnPBsACAdICJGI3OWRhMjhlLTQ4YzMtNDU5Mi1hZGNkLTEzNDNiODk2ZTNlYdgCAeACAQ&ucfs=1&arphpl=1&checkin=2026-07-10&checkout=2026-07-15&group_adults=2&req_adults=2&no_rooms=1&group_children=0&req_children=0&hpos=5&hapos=5&sr_order=popularity&srpvid=b4918ff791bc0f60&srepoch=1777753715&all_sr_blocks=1628915701_433486149_5_0_0&highlighted_blocks=1628915701_433486149_5_0_0&matching_block_id=1628915701_433486149_5_0_0&sr_pri_blocks=1628915701_433486149_5_0_0__10000&from=searchresults,Three-Bedroom Apartment Bedroom 1: 1 twin bed and 2 full beds Bedroom 2: 2 full beds Bedroom 3: 2 full beds Living room: 3 sofa beds Living room: 9 sofa beds 120 m² Private kitchen Balcony View Air conditioning Flat-screen TV Minibar Free Wifi Kitchen Washing machine Shared bathroom Heating | Three-Bedroom Apartment | Bedroom 1: 1 twin bed and 2 full beds Bedroom 2: 2 full beds Bedroom 3: 2 full beds Living room: 3 sofa beds Living room: 9 sofa beds | Bedroom 1: 1 twin bed and 2 full beds | Bedroom 1: | 1 twin bed | 2 full beds | Bedroom 2: 2 full beds | Bedroom 2: | Bedroom 3: 2 full beds | Bedroom 3: | Living room: 3 sofa beds | Living room: | 3 sofa beds | Living room: 9 sofa beds | 9 sofa beds | 120 m² Private kitchen Balcony View Air conditioning Flat-screen TV Minibar Free Wifi Kitchen Washing machine Shared bathroom Heating | 120 m² Private kitchen Balcony View Air conditioning Flat-screen TV Minibar Free Wifi | 120 m² | Private kitchen | Balcony | View | Air conditioning | Flat-screen TV | Minibar | Free Wifi | Kitchen Washing machine Shared bathroom Heating | Kitchen | Washing machine | Shared bathroom | Heating,× 5 Max. people: 5,"EGP 5,352","Free cancellation before July 9, 2026 No prepayment needed – pay at the property | Free cancellation before July 9, 2026 | Free cancellation | No prepayment needed – pay at the property | No prepayment needed"
Rixos Montaza Alexandria,https://www.booking.com/hotel/eg/rixos-montaza-alexandria.html?aid=304142&label=gen173nr-10CAQoggJCEXNlYXJjaF9hbGV4YW5kcmlhSDFYBGhDiAEBmAEzuAEXyAEM2AED6AEB-AEBiAIBqAIBuALvvNnPBsACAdICJGI3OWRhMjhlLTQ4YzMtNDU5Mi1hZGNkLTEzNDNiODk2ZTNlYdgCAeACAQ&ucfs=1&arphpl=1&checkin=2026-07-10&checkout=2026-07-15&group_adults=2&req_adults=2&no_rooms=1&group_children=0&req_children=0&hpos=4&hapos=4&sr_order=popularity&srpvid=b4918ff791bc0f60&srepoch=1777753715&all_sr_blocks=1323631801_405027592_2_1_0&highlighted_blocks=1323631801_405027592_2_1_0&matching_block_id=1323631801_405027592_2_1_0&sr_pri_blocks=1323631801_405027592_2_1_0__77850&from=searchresults,"Bungalow 1 king bed This bungalow is air-conditioned and has soundproof walls, a minibar and garden views. Entire bungalow 30 m² Garden view Air conditioning Soundproof Minibar Free Wifi Free toiletries Shower Bathrobe Safe Toilet Towels Slippers Tea/Coffee maker Hairdryer Electric kettle Wake-up service Wardrobe or closet Clothes rack Toilet paper | Bungalow | 1 king bed | This bungalow is air-conditioned and has soundproof walls, a minibar and garden views. | Entire bungalow 30 m² Garden view Air conditioning Soundproof Minibar Free Wifi Free toiletries Shower Bathrobe Safe Toilet Towels Slippers Tea/Coffee maker Hairdryer Electric kettle Wake-up service Wardrobe or closet Clothes rack Toilet paper | Entire bungalow 30 m² Garden view Air conditioning Soundproof Minibar Free Wifi | Entire bungalow | 30 m² | Garden view | Air conditioning | Soundproof | Minibar | Free Wifi | Free toiletries Shower Bathrobe Safe Toilet Towels Slippers Tea/Coffee maker Hairdryer Electric kettle Wake-up service Wardrobe or closet Clothes rack Toilet paper | Free toiletries | Shower | Bathrobe | Safe | Toilet | Towels | Slippers | Tea/Coffee maker | Hairdryer | Electric kettle | Wake-up service | Wardrobe or closet | Clothes rack | Toilet paper",N/A,"EGP 41,665",N/A
Rixos Montaza Alexandria,https://www.booking.com/hotel/eg/rixos-montaza-alexandria.html?aid=304142&label=gen173nr-10CAQoggJCEXNlYXJjaF9hbGV4YW5kcmlhSDFYBGhDiAEBmAEzuAEXyAEM2AED6AEB-AEBiAIBqAIBuALvvNnPBsACAdICJGI3OWRhMjhlLTQ4YzMtNDU5Mi1hZGNkLTEzNDNiODk2ZTNlYdgCAeACAQ&ucfs=1&arphpl=1&checkin=2026-07-10&checkout=2026-07-15&group_adults=2&req_adults=2&no_rooms=1&group_children=0&req_children=0&hpos=4&hapos=4&sr_order=popularity&srpvid=b4918ff791bc0f60&srepoch=1777753715&all_sr_blocks=1323631801_405027592_2_1_0&highlighted_blocks=1323631801_405027592_2_1_0&matching_block_id=1323631801_405027592_2_1_0&sr_pri_blocks=1323631801_405027592_2_1_0__77850&from=searchresults,N/A,Max. people: 2 | Max. people: 3 | Max. people: 4,"EGP 46,295 | EGP 55,393 | EGP 64,759 | EGP 69,308 | EGP 78,407 | EGP 87,773 | EGP 161,630",N/A
Rixos Montaza Alexandria,https://www.booking.com/hotel/eg/rixos-montaza-alexandria.html?aid=304142&label=gen173nr-10CAQoggJCEXNlYXJjaF9hbGV4YW5kcmlhSDFYBGhDiAEBmAEzuAEXyAEM2AED6AEB-AEBiAIBqAIBuALvvNnPBsACAdICJGI3OWRhMjhlLTQ4YzMtNDU5Mi1hZGNkLTEzNDNiODk2ZTNlYdgCAeACAQ&ucfs=1&arphpl=1&checkin=2026-07-10&checkout=2026-07-15&group_adults=2&req_adults=2&no_rooms=1&group_children=0&req_children=0&hpos=4&hapos=4&sr_order=popularity&srpvid=b4918ff791bc0f60&srepoch=1777753715&all_sr_blocks=1323631801_405027592_2_1_0&highlighted_blocks=1323631801_405027592_2_1_0&matching_block_id=1323631801_405027592_2_1_0&sr_pri_blocks=1323631801_405027592_2_1_0__77850&from=searchresults,"Deluxe Room Park View (Nariman) 1 king bed The spacious air-conditioned quadruple room provides a flat-screen TV with satellite channels, soundproof walls, a minibar, a tea and coffee maker as well as garden views. The unit offers 1 bed. 46 m² Balcony Garden view Air conditioning Flat-screen TV Soundproof Minibar Free Wifi More | Deluxe Room Park View (Nariman) | 1 king bed | The spacious air-conditioned quadruple room provides a flat-screen TV with satellite channels, soundproof walls, a minibar, a tea and coffee maker as well as garden views. The unit offers 1 bed. | 46 m² Balcony Garden view Air conditioning Flat-screen TV Soundproof Minibar Free Wifi More | 46 m² Balcony Garden view Air conditioning Flat-screen TV Soundproof Minibar Free Wifi | 46 m² | Balcony | Garden view | Air conditioning | Flat-screen TV | Soundproof | Minibar | Free Wifi | More",N/A,"EGP 41,665",N/A
Rixos Montaza Alexandria,https://www.booking.com/hotel/eg/rixos-montaza-alexandria.html?aid=304142&label=gen173nr-10CAQoggJCEXNlYXJjaF9hbGV4YW5kcmlhSDFYBGhDiAEBmAEzuAEXyAEM2AED6AEB-AEBiAIBqAIBuALvvNnPBsACAdICJGI3OWRhMjhlLTQ4YzMtNDU5Mi1hZGNkLTEzNDNiODk2ZTNlYdgCAeACAQ&ucfs=1&arphpl=1&checkin=2026-07-10&checkout=2026-07-15&group_adults=2&req_adults=2&no_rooms=1&group_children=0&req_children=0&hpos=4&hapos=4&sr_order=popularity&srpvid=b4918ff791bc0f60&srepoch=1777753715&all_sr_blocks=1323631801_405027592_2_1_0&highlighted_blocks=1323631801_405027592_2_1_0&matching_block_id=1323631801_405027592_2_1_0&sr_pri_blocks=1323631801_405027592_2_1_0__77850&from=searchresults,"Deluxe Room Sea View (Nariman) 1 king bed The spacious air-conditioned quadruple room features a flat-screen TV with satellite channels, soundproof walls, a minibar, a wardrobe as well as sea views. The unit has 1 bed. 46 m² Balcony Sea view Air conditioning Flat-screen TV Soundproof Minibar Free Wifi More | Deluxe Room Sea View (Nariman) | 1 king bed | The spacious air-conditioned quadruple room features a flat-screen TV with satellite channels, soundproof walls, a minibar, a wardrobe as well as sea views. The unit has 1 bed. | 46 m² Balcony Sea view Air conditioning Flat-screen TV Soundproof Minibar Free Wifi More | 46 m² Balcony Sea view Air conditioning Flat-screen TV Soundproof Minibar Free Wifi | 46 m² | Balcony | Sea view | Air conditioning | Flat-screen TV | Soundproof | Minibar | Free Wifi | More",N/A,"EGP 49,854",N/A
Rixos Montaza Alexandria,https://www.booking.com/hotel/eg/rixos-montaza-alexandria.html?aid=304142&label=gen173nr-10CAQoggJCEXNlYXJjaF9hbGV4YW5kcmlhSDFYBGhDiAEBmAEzuAEXyAEM2AED6AEB-AEBiAIBqAIBuALvvNnPBsACAdICJGI3OWRhMjhlLTQ4YzMtNDU5Mi1hZGNkLTEzNDNiODk2ZTNlYdgCAeACAQ&ucfs=1&arphpl=1&checkin=2026-07-10&checkout=2026-07-15&group_adults=2&req_adults=2&no_rooms=1&group_children=0&req_children=0&hpos=4&hapos=4&sr_order=popularity&srpvid=b4918ff791bc0f60&srepoch=1777753715&all_sr_blocks=1323631801_405027592_2_1_0&highlighted_blocks=1323631801_405027592_2_1_0&matching_block_id=1323631801_405027592_2_1_0&sr_pri_blocks=1323631801_405027592_2_1_0__77850&from=searchresults,"King Fouad Premium Room Sea View 1 king bed The spacious air-conditioned triple room features a flat-screen TV with satellite channels, soundproof walls, a mini-bar, a tea and coffee maker as well as sea views. The unit has 1 bed. 46 m² Balcony Sea view Air conditioning Flat-screen TV Soundproof Minibar Free Wifi More | King Fouad Premium Room Sea View | 1 king bed | The spacious air-conditioned triple room features a flat-screen TV with satellite channels, soundproof walls, a mini-bar, a tea and coffee maker as well as sea views. The unit has 1 bed. | 46 m² Balcony Sea view Air conditioning Flat-screen TV Soundproof Minibar Free Wifi More | 46 m² Balcony Sea view Air conditioning Flat-screen TV Soundproof Minibar Free Wifi | 46 m² | Balcony | Sea view | Air conditioning | Flat-screen TV | Soundproof | Minibar | Free Wifi | More",N/A,"EGP 58,283",N/A
Rixos Montaza Alexandria,https://www.booking.com/hotel/eg/rixos-montaza-alexandria.html?aid=304142&label=gen173nr-10CAQoggJCEXNlYXJjaF9hbGV4YW5kcmlhSDFYBGhDiAEBmAEzuAEXyAEM2AED6AEB-AEBiAIBqAIBuALvvNnPBsACAdICJGI3OWRhMjhlLTQ4YzMtNDU5Mi1hZGNkLTEzNDNiODk2ZTNlYdgCAeACAQ&ucfs=1&arphpl=1&checkin=2026-07-10&checkout=2026-07-15&group_adults=2&req_adults=2&no_rooms=1&group_children=0&req_children=0&hpos=4&hapos=4&sr_order=popularity&srpvid=b4918ff791bc0f60&srepoch=1777753715&all_sr_blocks=1323631801_405027592_2_1_0&highlighted_blocks=1323631801_405027592_2_1_0&matching_block_id=1323631801_405027592_2_1_0&sr_pri_blocks=1323631801_405027592_2_1_0__77850&from=searchresults,"Deluxe Suite Park View (Nariman) 1 king bed The spacious air-conditioned suite features a flat-screen TV with satellite channels, soundproof walls, a mini-bar, a tea and coffee maker as well as garden views. The unit has 1 bed. Private suite 110 m² Balcony Garden view Air conditioning Flat-screen TV Soundproof Minibar Free Wifi More | Deluxe Suite Park View (Nariman) | 1 king bed | The spacious air-conditioned suite features a flat-screen TV with satellite channels, soundproof walls, a mini-bar, a tea and coffee maker as well as garden views. The unit has 1 bed. | Private suite 110 m² Balcony Garden view Air conditioning Flat-screen TV Soundproof Minibar Free Wifi More | Private suite 110 m² Balcony Garden view Air conditioning Flat-screen TV Soundproof Minibar Free Wifi | Private suite | 110 m² | Balcony | Garden view | Air conditioning | Flat-screen TV | Soundproof | Minibar | Free Wifi | More",N/A,"EGP 62,378",N/A
Rixos Montaza Alexandria,https://www.booking.com/hotel/eg/rixos-montaza-alexandria.html?aid=304142&label=gen173nr-10CAQoggJCEXNlYXJjaF9hbGV4YW5kcmlhSDFYBGhDiAEBmAEzuAEXyAEM2AED6AEB-AEBiAIBqAIBuALvvNnPBsACAdICJGI3OWRhMjhlLTQ4YzMtNDU5Mi1hZGNkLTEzNDNiODk2ZTNlYdgCAeACAQ&ucfs=1&arphpl=1&checkin=2026-07-10&checkout=2026-07-15&group_adults=2&req_adults=2&no_rooms=1&group_children=0&req_children=0&hpos=4&hapos=4&sr_order=popularity&srpvid=b4918ff791bc0f60&srepoch=1777753715&all_sr_blocks=1323631801_405027592_2_1_0&highlighted_blocks=1323631801_405027592_2_1_0&matching_block_id=1323631801_405027592_2_1_0&sr_pri_blocks=1323631801_405027592_2_1_0__77850&from=searchresults,"Deluxe Suite Sea View (Nariman) 1 king bed The spacious air-conditioned suite provides a flat-screen TV with satellite channels, soundproof walls, a mini-bar, a wardrobe as well as sea views. The unit offers 1 bed. Private suite 110 m² Balcony Sea view Air conditioning Flat-screen TV Soundproof Minibar Free Wifi More | Deluxe Suite Sea View (Nariman) | 1 king bed | The spacious air-conditioned suite provides a flat-screen TV with satellite channels, soundproof walls, a mini-bar, a wardrobe as well as sea views. The unit offers 1 bed. | Private suite 110 m² Balcony Sea view Air conditioning Flat-screen TV Soundproof Minibar Free Wifi More | Private suite 110 m² Balcony Sea view Air conditioning Flat-screen TV Soundproof Minibar Free Wifi | Private suite | 110 m² | Balcony | Sea view | Air conditioning | Flat-screen TV | Soundproof | Minibar | Free Wifi | More",N/A,"EGP 70,566",N/A
Rixos Montaza Alexandria,https://www.booking.com/hotel/eg/rixos-montaza-alexandria.html?aid=304142&label=gen173nr-10CAQoggJCEXNlYXJjaF9hbGV4YW5kcmlhSDFYBGhDiAEBmAEzuAEXyAEM2AED6AEB-AEBiAIBqAIBuALvvNnPBsACAdICJGI3OWRhMjhlLTQ4YzMtNDU5Mi1hZGNkLTEzNDNiODk2ZTNlYdgCAeACAQ&ucfs=1&arphpl=1&checkin=2026-07-10&checkout=2026-07-15&group_adults=2&req_adults=2&no_rooms=1&group_children=0&req_children=0&hpos=4&hapos=4&sr_order=popularity&srpvid=b4918ff791bc0f60&srepoch=1777753715&all_sr_blocks=1323631801_405027592_2_1_0&highlighted_blocks=1323631801_405027592_2_1_0&matching_block_id=1323631801_405027592_2_1_0&sr_pri_blocks=1323631801_405027592_2_1_0__77850&from=searchresults,"Salamlek Palace Grand Suite We have 1 left 1 king bed The spacious air-conditioned suite offers a flat-screen TV with satellite channels, soundproof walls, a mini-bar and a wardrobe. The unit has 1 bed. Private suite 54 m² Balcony Air conditioning Flat-screen TV Soundproof Minibar Free Wifi More | Salamlek Palace Grand Suite | We have 1 left | 1 king bed | The spacious air-conditioned suite offers a flat-screen TV with satellite channels, soundproof walls, a mini-bar and a wardrobe. The unit has 1 bed. | Private suite 54 m² Balcony Air conditioning Flat-screen TV Soundproof Minibar Free Wifi More | Private suite 54 m² Balcony Air conditioning Flat-screen TV Soundproof Minibar Free Wifi | Private suite | 54 m² | Balcony | Air conditioning | Flat-screen TV | Soundproof | Minibar | Free Wifi | More",N/A,"EGP 70,566",N/A
Rixos Montaza Alexandria,https://www.booking.com/hotel/eg/rixos-montaza-alexandria.html?aid=304142&label=gen173nr-10CAQoggJCEXNlYXJjaF9hbGV4YW5kcmlhSDFYBGhDiAEBmAEzuAEXyAEM2AED6AEB-AEBiAIBqAIBuALvvNnPBsACAdICJGI3OWRhMjhlLTQ4YzMtNDU5Mi1hZGNkLTEzNDNiODk2ZTNlYdgCAeACAQ&ucfs=1&arphpl=1&checkin=2026-07-10&checkout=2026-07-15&group_adults=2&req_adults=2&no_rooms=1&group_children=0&req_children=0&hpos=4&hapos=4&sr_order=popularity&srpvid=b4918ff791bc0f60&srepoch=1777753715&all_sr_blocks=1323631801_405027592_2_1_0&highlighted_blocks=1323631801_405027592_2_1_0&matching_block_id=1323631801_405027592_2_1_0&sr_pri_blocks=1323631801_405027592_2_1_0__77850&from=searchresults,"King Fouad Superior Suite Sea View 1 king bed The spacious air-conditioned suite offers a flat-screen TV with satellite channels, soundproof walls, a mini-bar, a wardrobe as well as sea views. The unit has 1 bed. Private suite 90 m² Balcony Sea view Air conditioning Flat-screen TV Soundproof Minibar Free Wifi More | King Fouad Superior Suite Sea View | 1 king bed | The spacious air-conditioned suite offers a flat-screen TV with satellite channels, soundproof walls, a mini-bar, a wardrobe as well as sea views. The unit has 1 bed. | Private suite 90 m² Balcony Sea view Air conditioning Flat-screen TV Soundproof Minibar Free Wifi More | Private suite 90 m² Balcony Sea view Air conditioning Flat-screen TV Soundproof Minibar Free Wifi | Private suite | 90 m² | Balcony | Sea view | Air conditioning | Flat-screen TV | Soundproof | Minibar | Free Wifi | More",N/A,"EGP 78,996",N/A
Rixos Montaza Alexandria,https://www.booking.com/hotel/eg/rixos-montaza-alexandria.html?aid=304142&label=gen173nr-10CAQoggJCEXNlYXJjaF9hbGV4YW5kcmlhSDFYBGhDiAEBmAEzuAEXyAEM2AED6AEB-AEBiAIBqAIBuALvvNnPBsACAdICJGI3OWRhMjhlLTQ4YzMtNDU5Mi1hZGNkLTEzNDNiODk2ZTNlYdgCAeACAQ&ucfs=1&arphpl=1&checkin=2026-07-10&checkout=2026-07-15&group_adults=2&req_adults=2&no_rooms=1&group_children=0&req_children=0&hpos=4&hapos=4&sr_order=popularity&srpvid=b4918ff791bc0f60&srepoch=1777753715&all_sr_blocks=1323631801_405027592_2_1_0&highlighted_blocks=1323631801_405027592_2_1_0&matching_block_id=1323631801_405027592_2_1_0&sr_pri_blocks=1323631801_405027592_2_1_0__77850&from=searchresults,"Salamlek Palace Royal Suite 1 king bed The spacious suite features air conditioning, soundproof walls, a mini-bar, a wardrobe, as well as a flat-screen TV with satellite channels. The unit has 1 bed. Private suite 80 m² Balcony Air conditioning Flat-screen TV Soundproof Minibar Free Wifi More | Salamlek Palace Royal Suite | 1 king bed | The spacious suite features air conditioning, soundproof walls, a mini-bar, a wardrobe, as well as a flat-screen TV with satellite channels. The unit has 1 bed. | Private suite 80 m² Balcony Air conditioning Flat-screen TV Soundproof Minibar Free Wifi More | Private suite 80 m² Balcony Air conditioning Flat-screen TV Soundproof Minibar Free Wifi | Private suite | 80 m² | Balcony | Air conditioning | Flat-screen TV | Soundproof | Minibar | Free Wifi | More",N/A,"EGP 145,467",N/A
Rixos Montaza Alexandria,https://www.booking.com/hotel/eg/rixos-montaza-alexandria.html?aid=304142&label=gen173nr-10CAQoggJCEXNlYXJjaF9hbGV4YW5kcmlhSDFYBGhDiAEBmAEzuAEXyAEM2AED6AEB-AEBiAIBqAIBuALvvNnPBsACAdICJGI3OWRhMjhlLTQ4YzMtNDU5Mi1hZGNkLTEzNDNiODk2ZTNlYdgCAeACAQ&ucfs=1&arphpl=1&checkin=2026-07-10&checkout=2026-07-15&group_adults=2&req_adults=2&no_rooms=1&group_children=0&req_children=0&hpos=4&hapos=4&sr_order=popularity&srpvid=b4918ff791bc0f60&srepoch=1777753715&all_sr_blocks=1323631801_405027592_2_1_0&highlighted_blocks=1323631801_405027592_2_1_0&matching_block_id=1323631801_405027592_2_1_0&sr_pri_blocks=1323631801_405027592_2_1_0__77850&from=searchresults,"Two-Bedroom Bungalow 2 queen beds The spacious air-conditioned bungalow features soundproof walls, a minibar and a dining area. Entire bungalow 81 m² Air conditioning Soundproof Minibar Free Wifi More | Two-Bedroom Bungalow | 2 queen beds | The spacious air-conditioned bungalow features soundproof walls, a minibar and a dining area. | Entire bungalow 81 m² Air conditioning Soundproof Minibar Free Wifi More | Entire bungalow 81 m² Air conditioning Soundproof Minibar Free Wifi | Entire bungalow | 81 m² | Air conditioning | Soundproof | Minibar | Free Wifi | More",N/A,"EGP 70,566",N/A
شقه فاخره على الكورنيش للعائلات فقط,https://www.booking.com/hotel/eg/shqh-fkhrh-l-lkwrnysh.html?aid=304142&label=gen173nr-10CAQoggJCEXNlYXJjaF9hbGV4YW5kcmlhSDFYBGhDiAEBmAEzuAEXyAEM2AED6AEB-AEBiAIBqAIBuALvvNnPBsACAdICJGI3OWRhMjhlLTQ4YzMtNDU5Mi1hZGNkLTEzNDNiODk2ZTNlYdgCAeACAQ&ucfs=1&arphpl=1&checkin=2026-07-10&checkout=2026-07-15&group_adults=2&req_adults=2&no_rooms=1&group_children=0&req_children=0&hpos=7&hapos=7&sr_order=popularity&srpvid=b4918ff791bc0f60&srepoch=1777753715&all_sr_blocks=1088649201_404462667_4_0_0&highlighted_blocks=1088649201_404462667_4_0_0&matching_block_id=1088649201_404462667_4_0_0&sr_pri_blocks=1088649201_404462667_4_0_0__20000&from=searchresults,Two-Bedroom Apartment Bedroom 1: 1 queen bed Bedroom 2: 2 twin beds Living room: 1 sofa bed Entire apartment 150 m² Private kitchen Private bathroom Balcony Sea view Air conditioning Flat-screen TV Free Wifi Kitchen Bidet Washing machine Toilet Sofa Fireplace Bathtub or shower Linens Socket near the bed Sitting area TV Refrigerator Satellite channels Tea/Coffee maker Kitchenware Fan Outdoor furniture Cable channels Wardrobe or closet Oven Dining table Upper floors accessible by elevator Private apartment in building Sofa bed | Two-Bedroom Apartment | Bedroom 1: 1 queen bed Bedroom 2: 2 twin beds Living room: 1 sofa bed | Bedroom 1: 1 queen bed | Bedroom 1: | 1 queen bed | Bedroom 2: 2 twin beds | Bedroom 2: | 2 twin beds | Living room: 1 sofa bed | Living room: | 1 sofa bed | Entire apartment 150 m² Private kitchen Private bathroom Balcony Sea view Air conditioning Flat-screen TV Free Wifi Kitchen Bidet Washing machine Toilet Sofa Fireplace Bathtub or shower Linens Socket near the bed Sitting area TV Refrigerator Satellite channels Tea/Coffee maker Kitchenware Fan Outdoor furniture Cable channels Wardrobe or closet Oven Dining table Upper floors accessible by elevator Private apartment in building Sofa bed | Entire apartment 150 m² Private kitchen Private bathroom Balcony Sea view Air conditioning Flat-screen TV Free Wifi | Entire apartment | 150 m² | Private kitchen | Private bathroom | Balcony | Sea view | Air conditioning | Flat-screen TV | Free Wifi | Kitchen Bidet Washing machine Toilet Sofa Fireplace Bathtub or shower Linens Socket near the bed Sitting area TV Refrigerator Satellite channels Tea/Coffee maker Kitchenware Fan Outdoor furniture Cable channels Wardrobe or closet Oven Dining table Upper floors accessible by elevator Private apartment in building Sofa bed | Kitchen | Bidet | Washing machine | Toilet | Sofa | Fireplace | Bathtub or shower | Linens | Socket near the bed | Sitting area | TV | Refrigerator | Satellite channels | Tea/Coffee maker | Kitchenware | Fan | Outdoor furniture | Cable channels | Wardrobe or closet | Oven | Dining table | Upper floors accessible by elevator | Private apartment in building | Sofa bed,Max. people: 4,"EGP 10,704","Free cancellation before July 5, 2026 • Pay nothing until July 3, 2026 | Free cancellation before July 5, 2026 | Free cancellation | • Pay nothing until July 3, 2026 | • | Pay nothing until July 3, 2026"
Royal jewel Al-Raml Hotel,https://www.booking.com/hotel/eg/royal-jewel-al-raml-tn-lrml.html?aid=304142&label=gen173nr-10CAQoggJCEXNlYXJjaF9hbGV4YW5kcmlhSDFYBGhDiAEBmAEzuAEXyAEM2AED6AEB-AEBiAIBqAIBuALvvNnPBsACAdICJGI3OWRhMjhlLTQ4YzMtNDU5Mi1hZGNkLTEzNDNiODk2ZTNlYdgCAeACAQ&ucfs=1&arphpl=1&checkin=2026-07-10&checkout=2026-07-15&group_adults=2&req_adults=2&no_rooms=1&group_children=0&req_children=0&hpos=6&hapos=6&sr_order=popularity&srpvid=b4918ff791bc0f60&srepoch=1777753715&all_sr_blocks=1589544407_431821946_2_1_0&highlighted_blocks=1589544407_431821946_2_1_0&matching_block_id=1589544407_431821946_2_1_0&sr_pri_blocks=1589544407_431821946_2_1_0__40000&from=searchresults,Standard Double Room with City View 2 twin beds 1 room 45 m² City view Air conditioning Attached bathroom Flat-screen TV Minibar Free Wifi Safe Toilet Bathtub or shower Towels Linens Socket near the bed TV Slippers Satellite channels Hairdryer Carpeted Electric kettle Wake-up service Wardrobe or closet Dining table Upper floors accessible by elevator Upper floors accessible by stairs only Clothes rack Toilet paper Entire unit wheelchair accessible Single-room AC for guest accommodation | Standard Double Room with City View | 2 twin beds | 1 room 45 m² City view Air conditioning Attached bathroom Flat-screen TV Minibar Free Wifi Safe Toilet Bathtub or shower Towels Linens Socket near the bed TV Slippers Satellite channels Hairdryer Carpeted Electric kettle Wake-up service Wardrobe or closet Dining table Upper floors accessible by elevator Upper floors accessible by stairs only Clothes rack Toilet paper Entire unit wheelchair accessible Single-room AC for guest accommodation | 1 room 45 m² City view Air conditioning Attached bathroom Flat-screen TV Minibar Free Wifi | 1 room | 45 m² | City view | Air conditioning | Attached bathroom | Flat-screen TV | Minibar | Free Wifi | Safe Toilet Bathtub or shower Towels Linens Socket near the bed TV Slippers Satellite channels Hairdryer Carpeted Electric kettle Wake-up service Wardrobe or closet Dining table Upper floors accessible by elevator Upper floors accessible by stairs only Clothes rack Toilet paper Entire unit wheelchair accessible Single-room AC for guest accommodation | Safe | Toilet | Bathtub or shower | Towels | Linens | Socket near the bed | TV | Slippers | Satellite channels | Hairdryer | Carpeted | Electric kettle | Wake-up service | Wardrobe or closet | Dining table | Upper floors accessible by elevator | Upper floors accessible by stairs only | Clothes rack | Toilet paper | Entire unit wheelchair accessible | Single-room AC for guest accommodation,Max. people: 2,"EGP 21,408","Continental breakfast included Free cancellation before July 7, 2026 • Pay nothing until July 5, 2026 • We have 1 left | Continental breakfast included | Free cancellation before July 7, 2026 | Free cancellation | • Pay nothing until July 5, 2026 | • | Pay nothing until July 5, 2026 | • We have 1 left | We have 1 left"
Royal jewel Al-Raml Hotel,https://www.booking.com/hotel/eg/royal-jewel-al-raml-tn-lrml.html?aid=304142&label=gen173nr-10CAQoggJCEXNlYXJjaF9hbGV4YW5kcmlhSDFYBGhDiAEBmAEzuAEXyAEM2AED6AEB-AEBiAIBqAIBuALvvNnPBsACAdICJGI3OWRhMjhlLTQ4YzMtNDU5Mi1hZGNkLTEzNDNiODk2ZTNlYdgCAeACAQ&ucfs=1&arphpl=1&checkin=2026-07-10&checkout=2026-07-15&group_adults=2&req_adults=2&no_rooms=1&group_children=0&req_children=0&hpos=6&hapos=6&sr_order=popularity&srpvid=b4918ff791bc0f60&srepoch=1777753715&all_sr_blocks=1589544407_431821946_2_1_0&highlighted_blocks=1589544407_431821946_2_1_0&matching_block_id=1589544407_431821946_2_1_0&sr_pri_blocks=1589544407_431821946_2_1_0__40000&from=searchresults,Superior room with Side Sea View 2 twin beds 1 room 45 m² Balcony Garden view Air conditioning Attached bathroom Flat-screen TV Terrace Minibar Free Wifi More | Superior room with Side Sea View | 2 twin beds | 1 room 45 m² Balcony Garden view Air conditioning Attached bathroom Flat-screen TV Terrace Minibar Free Wifi More | 1 room 45 m² Balcony Garden view Air conditioning Attached bathroom Flat-screen TV Terrace Minibar Free Wifi | 1 room | 45 m² | Balcony | Garden view | Air conditioning | Attached bathroom | Flat-screen TV | Terrace | Minibar | Free Wifi | More,Max. people: 2,"EGP 25,422","Continental breakfast included Free cancellation before July 7, 2026 • Pay nothing until July 5, 2026 • We have 2 left | Continental breakfast included | Free cancellation before July 7, 2026 | Free cancellation | • Pay nothing until July 5, 2026 | • | Pay nothing until July 5, 2026 | • We have 2 left | We have 2 left"
Royal jewel Al-Raml Hotel,https://www.booking.com/hotel/eg/royal-jewel-al-raml-tn-lrml.html?aid=304142&label=gen173nr-10CAQoggJCEXNlYXJjaF9hbGV4YW5kcmlhSDFYBGhDiAEBmAEzuAEXyAEM2AED6AEB-AEBiAIBqAIBuALvvNnPBsACAdICJGI3OWRhMjhlLTQ4YzMtNDU5Mi1hZGNkLTEzNDNiODk2ZTNlYdgCAeACAQ&ucfs=1&arphpl=1&checkin=2026-07-10&checkout=2026-07-15&group_adults=2&req_adults=2&no_rooms=1&group_children=0&req_children=0&hpos=6&hapos=6&sr_order=popularity&srpvid=b4918ff791bc0f60&srepoch=1777753715&all_sr_blocks=1589544407_431821946_2_1_0&highlighted_blocks=1589544407_431821946_2_1_0&matching_block_id=1589544407_431821946_2_1_0&sr_pri_blocks=1589544407_431821946_2_1_0__40000&from=searchresults,Suite with Sea View 1 queen bed Private suite 70 m² Sea view Air conditioning Attached bathroom Flat-screen TV Minibar Free Wifi More | Suite with Sea View | 1 queen bed | Private suite 70 m² Sea view Air conditioning Attached bathroom Flat-screen TV Minibar Free Wifi More | Private suite 70 m² Sea view Air conditioning Attached bathroom Flat-screen TV Minibar Free Wifi | Private suite | 70 m² | Sea view | Air conditioning | Attached bathroom | Flat-screen TV | Minibar | Free Wifi | More,Max. people: 2,"EGP 33,450","Continental breakfast included Free cancellation before July 7, 2026 • Pay nothing until July 5, 2026 • We have 1 left | Continental breakfast included | Free cancellation before July 7, 2026 | Free cancellation | • Pay nothing until July 5, 2026 | • | Pay nothing until July 5, 2026 | • We have 1 left | We have 1 left"
Alex inn Rooms,https://www.booking.com/hotel/eg/alex-inn-rooms.html?aid=304142&label=gen173nr-10CAQoggJCEXNlYXJjaF9hbGV4YW5kcmlhSDFYBGhDiAEBmAEzuAEXyAEM2AED6AEB-AEBiAIBqAIBuALvvNnPBsACAdICJGI3OWRhMjhlLTQ4YzMtNDU5Mi1hZGNkLTEzNDNiODk2ZTNlYdgCAeACAQ&ucfs=1&arphpl=1&checkin=2026-07-10&checkout=2026-07-15&group_adults=2&req_adults=2&no_rooms=1&group_children=0&req_children=0&hpos=8&hapos=8&sr_order=popularity&srpvid=b4918ff791bc0f60&srepoch=1777753715&all_sr_blocks=1538799706_425308342_2_0_0&highlighted_blocks=1538799706_425308342_2_0_0&matching_block_id=1538799706_425308342_2_0_0&sr_pri_blocks=1538799706_425308342_2_0_0__8000&from=searchresults,Double Room 1 twin bed 1 room Private bathroom Free Wifi Shower Toilet | Double Room | 1 twin bed | 1 room Private bathroom Free Wifi Shower Toilet | 1 room Private bathroom Free Wifi | 1 room | Private bathroom | Free Wifi | Shower Toilet | Shower | Toilet,Max. people: 2,"EGP 4,282","Free cancellation before 6:00 PM on July 10, 2026 • Pay nothing until July 8, 2026 | Free cancellation before 6:00 PM on July 10, 2026 | Free cancellation | • Pay nothing until July 8, 2026 | • | Pay nothing until July 8, 2026"
Alex inn Rooms,https://www.booking.com/hotel/eg/alex-inn-rooms.html?aid=304142&label=gen173nr-10CAQoggJCEXNlYXJjaF9hbGV4YW5kcmlhSDFYBGhDiAEBmAEzuAEXyAEM2AED6AEB-AEBiAIBqAIBuALvvNnPBsACAdICJGI3OWRhMjhlLTQ4YzMtNDU5Mi1hZGNkLTEzNDNiODk2ZTNlYdgCAeACAQ&ucfs=1&arphpl=1&checkin=2026-07-10&checkout=2026-07-15&group_adults=2&req_adults=2&no_rooms=1&group_children=0&req_children=0&hpos=8&hapos=8&sr_order=popularity&srpvid=b4918ff791bc0f60&srepoch=1777753715&all_sr_blocks=1538799706_425308342_2_0_0&highlighted_blocks=1538799706_425308342_2_0_0&matching_block_id=1538799706_425308342_2_0_0&sr_pri_blocks=1538799706_425308342_2_0_0__8000&from=searchresults,Double Room 1 twin bed 1 room Bathtub Private bathroom Free Wifi More | Double Room | 1 twin bed | 1 room Bathtub Private bathroom Free Wifi More | 1 room Bathtub Private bathroom Free Wifi | 1 room | Bathtub | Private bathroom | Free Wifi | More,Max. people: 2,"EGP 4,282","Free cancellation before 6:00 PM on July 10, 2026 • Pay nothing until July 8, 2026 | Free cancellation before 6:00 PM on July 10, 2026 | Free cancellation | • Pay nothing until July 8, 2026 | • | Pay nothing until July 8, 2026"
Alex inn Rooms,https://www.booking.com/hotel/eg/alex-inn-rooms.html?aid=304142&label=gen173nr-10CAQoggJCEXNlYXJjaF9hbGV4YW5kcmlhSDFYBGhDiAEBmAEzuAEXyAEM2AED6AEB-AEBiAIBqAIBuALvvNnPBsACAdICJGI3OWRhMjhlLTQ4YzMtNDU5Mi1hZGNkLTEzNDNiODk2ZTNlYdgCAeACAQ&ucfs=1&arphpl=1&checkin=2026-07-10&checkout=2026-07-15&group_adults=2&req_adults=2&no_rooms=1&group_children=0&req_children=0&hpos=8&hapos=8&sr_order=popularity&srpvid=b4918ff791bc0f60&srepoch=1777753715&all_sr_blocks=1538799706_425308342_2_0_0&highlighted_blocks=1538799706_425308342_2_0_0&matching_block_id=1538799706_425308342_2_0_0&sr_pri_blocks=1538799706_425308342_2_0_0__8000&from=searchresults,Standard Twin Room with Sea View 2 twin beds 1 room Bathtub Private bathroom Free Wifi More | Standard Twin Room with Sea View | 2 twin beds | 1 room Bathtub Private bathroom Free Wifi More | 1 room Bathtub Private bathroom Free Wifi | 1 room | Bathtub | Private bathroom | Free Wifi | More,Max. people: 2,"EGP 5,352","Free cancellation before 6:00 PM on July 10, 2026 • Pay nothing until July 8, 2026 | Free cancellation before 6:00 PM on July 10, 2026 | Free cancellation | • Pay nothing until July 8, 2026 | • | Pay nothing until July 8, 2026"
Alex inn Rooms,https://www.booking.com/hotel/eg/alex-inn-rooms.html?aid=304142&label=gen173nr-10CAQoggJCEXNlYXJjaF9hbGV4YW5kcmlhSDFYBGhDiAEBmAEzuAEXyAEM2AED6AEB-AEBiAIBqAIBuALvvNnPBsACAdICJGI3OWRhMjhlLTQ4YzMtNDU5Mi1hZGNkLTEzNDNiODk2ZTNlYdgCAeACAQ&ucfs=1&arphpl=1&checkin=2026-07-10&checkout=2026-07-15&group_adults=2&req_adults=2&no_rooms=1&group_children=0&req_children=0&hpos=8&hapos=8&sr_order=popularity&srpvid=b4918ff791bc0f60&srepoch=1777753715&all_sr_blocks=1538799706_425308342_2_0_0&highlighted_blocks=1538799706_425308342_2_0_0&matching_block_id=1538799706_425308342_2_0_0&sr_pri_blocks=1538799706_425308342_2_0_0__8000&from=searchresults,Triple Room with Sea View 2 twin beds 1 room Bathtub Private bathroom Free Wifi More | Triple Room with Sea View | 2 twin beds | 1 room Bathtub Private bathroom Free Wifi More | 1 room Bathtub Private bathroom Free Wifi | 1 room | Bathtub | Private bathroom | Free Wifi | More,Max. people: 2,"EGP 6,422","Free cancellation before 6:00 PM on July 10, 2026 • Pay nothing until July 8, 2026 | Free cancellation before 6:00 PM on July 10, 2026 | Free cancellation | • Pay nothing until July 8, 2026 | • | Pay nothing until July 8, 2026"
Alex inn Rooms,https://www.booking.com/hotel/eg/alex-inn-rooms.html?aid=304142&label=gen173nr-10CAQoggJCEXNlYXJjaF9hbGV4YW5kcmlhSDFYBGhDiAEBmAEzuAEXyAEM2AED6AEB-AEBiAIBqAIBuALvvNnPBsACAdICJGI3OWRhMjhlLTQ4YzMtNDU5Mi1hZGNkLTEzNDNiODk2ZTNlYdgCAeACAQ&ucfs=1&arphpl=1&checkin=2026-07-10&checkout=2026-07-15&group_adults=2&req_adults=2&no_rooms=1&group_children=0&req_children=0&hpos=8&hapos=8&sr_order=popularity&srpvid=b4918ff791bc0f60&srepoch=1777753715&all_sr_blocks=1538799706_425308342_2_0_0&highlighted_blocks=1538799706_425308342_2_0_0&matching_block_id=1538799706_425308342_2_0_0&sr_pri_blocks=1538799706_425308342_2_0_0__8000&from=searchresults,Family Suite Bedroom 1: 1 full bed Bedroom 2: 1 full bed Private suite Bathtub Private bathroom Free Wifi More | Family Suite | Bedroom 1: 1 full bed Bedroom 2: 1 full bed | Bedroom 1: 1 full bed | Bedroom 1: | 1 full bed | Bedroom 2: 1 full bed | Bedroom 2: | Private suite Bathtub Private bathroom Free Wifi More | Private suite Bathtub Private bathroom Free Wifi | Private suite | Bathtub | Private bathroom | Free Wifi | More,Max. people: 4,"EGP 5,352","Free cancellation before 6:00 PM on July 10, 2026 • Pay nothing until July 8, 2026 | Free cancellation before 6:00 PM on July 10, 2026 | Free cancellation | • Pay nothing until July 8, 2026 | • | Pay nothing until July 8, 2026"
Alex inn Rooms,https://www.booking.com/hotel/eg/alex-inn-rooms.html?aid=304142&label=gen173nr-10CAQoggJCEXNlYXJjaF9hbGV4YW5kcmlhSDFYBGhDiAEBmAEzuAEXyAEM2AED6AEB-AEBiAIBqAIBuALvvNnPBsACAdICJGI3OWRhMjhlLTQ4YzMtNDU5Mi1hZGNkLTEzNDNiODk2ZTNlYdgCAeACAQ&ucfs=1&arphpl=1&checkin=2026-07-10&checkout=2026-07-15&group_adults=2&req_adults=2&no_rooms=1&group_children=0&req_children=0&hpos=8&hapos=8&sr_order=popularity&srpvid=b4918ff791bc0f60&srepoch=1777753715&all_sr_blocks=1538799706_425308342_2_0_0&highlighted_blocks=1538799706_425308342_2_0_0&matching_block_id=1538799706_425308342_2_0_0&sr_pri_blocks=1538799706_425308342_2_0_0__8000&from=searchresults,Single Room 1 twin bed 1 room Bathtub Private bathroom Free Wifi More | Single Room | 1 twin bed | 1 room Bathtub Private bathroom Free Wifi More | 1 room Bathtub Private bathroom Free Wifi | 1 room | Bathtub | Private bathroom | Free Wifi | More,Max. people: 1,"EGP 3,211","Free cancellation before 6:00 PM on July 10, 2026 • Pay nothing until July 8, 2026 | Free cancellation before 6:00 PM on July 10, 2026 | Free cancellation | • Pay nothing until July 8, 2026 | • | Pay nothing until July 8, 2026"
Alex inn Rooms,https://www.booking.com/hotel/eg/alex-inn-rooms.html?aid=304142&label=gen173nr-10CAQoggJCEXNlYXJjaF9hbGV4YW5kcmlhSDFYBGhDiAEBmAEzuAEXyAEM2AED6AEB-AEBiAIBqAIBuALvvNnPBsACAdICJGI3OWRhMjhlLTQ4YzMtNDU5Mi1hZGNkLTEzNDNiODk2ZTNlYdgCAeACAQ&ucfs=1&arphpl=1&checkin=2026-07-10&checkout=2026-07-15&group_adults=2&req_adults=2&no_rooms=1&group_children=0&req_children=0&hpos=8&hapos=8&sr_order=popularity&srpvid=b4918ff791bc0f60&srepoch=1777753715&all_sr_blocks=1538799706_425308342_2_0_0&highlighted_blocks=1538799706_425308342_2_0_0&matching_block_id=1538799706_425308342_2_0_0&sr_pri_blocks=1538799706_425308342_2_0_0__8000&from=searchresults,Deluxe Double Room with Side Sea View 1 twin bed 1 room Bathtub Private bathroom Free Wifi More | Deluxe Double Room with Side Sea View | 1 twin bed | 1 room Bathtub Private bathroom Free Wifi More | 1 room Bathtub Private bathroom Free Wifi | 1 room | Bathtub | Private bathroom | Free Wifi | More,Max. people: 1,"EGP 5,352","Free cancellation before 6:00 PM on July 10, 2026 • Pay nothing until July 8, 2026 | Free cancellation before 6:00 PM on July 10, 2026 | Free cancellation | • Pay nothing until July 8, 2026 | • | Pay nothing until July 8, 2026"
ALEX HOMES - Sporting Cozy Apartments with Direct Sea View,https://www.booking.com/hotel/eg/alexandria-luxury-apartments-sporting-direct-sea-view.html?aid=304142&label=gen173nr-10CAQoggJCEXNlYXJjaF9hbGV4YW5kcmlhSDFYBGhDiAEBmAEzuAEXyAEM2AED6AEB-AEBiAIBqAIBuALvvNnPBsACAdICJGI3OWRhMjhlLTQ4YzMtNDU5Mi1hZGNkLTEzNDNiODk2ZTNlYdgCAeACAQ&ucfs=1&arphpl=1&checkin=2026-07-10&checkout=2026-07-15&group_adults=2&req_adults=2&no_rooms=1&group_children=0&req_children=0&hpos=9&hapos=9&sr_order=popularity&srpvid=b4918ff791bc0f60&srepoch=1777753715&all_sr_blocks=884203702_430480745_5_0_0&highlighted_blocks=884203702_430480745_5_0_0&matching_block_id=884203702_430480745_5_0_0&sr_pri_blocks=884203702_430480745_5_0_0__43240&from=searchresults,Apartment with Sea View Bedroom 1: 1 queen bed Bedroom 2: 2 twin beds Living room: 1 sofa bed Entire apartment 90 m² Private kitchen Private bathroom Balcony Sea view City view Air conditioning Dishwasher Flat-screen TV Terrace Minibar Free Wifi Kitchen Bidet Washing machine Streaming service (like Netflix) Toilet Sofa Fireplace Bathtub or shower Towels Linens Socket near the bed Cleaning products TV Refrigerator Satellite channels Iron Microwave Heating Hairdryer Kitchenware Fan Carpeted Electric kettle Outdoor furniture Outdoor dining area Oven Dining area Dining table Upper floors accessible by elevator Detached Private apartment in building Drying rack for clothing Toilet paper Hand sanitizer Single-room AC for guest accommodation | Apartment with Sea View | Bedroom 1: 1 queen bed Bedroom 2: 2 twin beds Living room: 1 sofa bed | Bedroom 1: 1 queen bed | Bedroom 1: | 1 queen bed | Bedroom 2: 2 twin beds | Bedroom 2: | 2 twin beds | Living room: 1 sofa bed | Living room: | 1 sofa bed | Entire apartment 90 m² Private kitchen Private bathroom Balcony Sea view City view Air conditioning Dishwasher Flat-screen TV Terrace Minibar Free Wifi Kitchen Bidet Washing machine Streaming service (like Netflix) Toilet Sofa Fireplace Bathtub or shower Towels Linens Socket near the bed Cleaning products TV Refrigerator Satellite channels Iron Microwave Heating Hairdryer Kitchenware Fan Carpeted Electric kettle Outdoor furniture Outdoor dining area Oven Dining area Dining table Upper floors accessible by elevator Detached Private apartment in building Drying rack for clothing Toilet paper Hand sanitizer Single-room AC for guest accommodation | Entire apartment 90 m² Private kitchen Private bathroom Balcony Sea view City view Air conditioning Dishwasher Flat-screen TV Terrace Minibar Free Wifi | Entire apartment | 90 m² | Private kitchen | Private bathroom | Balcony | Sea view | City view | Air conditioning | Dishwasher | Flat-screen TV | Terrace | Minibar | Free Wifi | Kitchen Bidet Washing machine Streaming service (like Netflix) Toilet Sofa Fireplace Bathtub or shower Towels Linens Socket near the bed Cleaning products TV Refrigerator Satellite channels Iron Microwave Heating Hairdryer Kitchenware Fan Carpeted Electric kettle Outdoor furniture Outdoor dining area Oven Dining area Dining table Upper floors accessible by elevator Detached Private apartment in building Drying rack for clothing Toilet paper Hand sanitizer Single-room AC for guest accommodation | Kitchen | Bidet | Washing machine | Streaming service (like Netflix) | Toilet | Sofa | Fireplace | Bathtub or shower | Towels | Linens | Socket near the bed | Cleaning products | TV | Refrigerator | Satellite channels | Iron | Microwave | Heating | Hairdryer | Kitchenware | Fan | Carpeted | Electric kettle | Outdoor furniture | Outdoor dining area | Oven | Dining area | Dining table | Upper floors accessible by elevator | Detached | Private apartment in building | Drying rack for clothing | Toilet paper | Hand sanitizer | Single-room AC for guest accommodation,× 5 Max. people: 5,"EGP 23,142","Free cancellation before July 5, 2026 • Pay nothing until July 3, 2026 discount may be available | Free cancellation before July 5, 2026 | Free cancellation | • Pay nothing until July 3, 2026 | • | Pay nothing until July 3, 2026 | discount may be available"
ALEX HOMES - Sporting Cozy Apartments with Direct Sea View,https://www.booking.com/hotel/eg/alexandria-luxury-apartments-sporting-direct-sea-view.html?aid=304142&label=gen173nr-10CAQoggJCEXNlYXJjaF9hbGV4YW5kcmlhSDFYBGhDiAEBmAEzuAEXyAEM2AED6AEB-AEBiAIBqAIBuALvvNnPBsACAdICJGI3OWRhMjhlLTQ4YzMtNDU5Mi1hZGNkLTEzNDNiODk2ZTNlYdgCAeACAQ&ucfs=1&arphpl=1&checkin=2026-07-10&checkout=2026-07-15&group_adults=2&req_adults=2&no_rooms=1&group_children=0&req_children=0&hpos=9&hapos=9&sr_order=popularity&srpvid=b4918ff791bc0f60&srepoch=1777753715&all_sr_blocks=884203702_430480745_5_0_0&highlighted_blocks=884203702_430480745_5_0_0&matching_block_id=884203702_430480745_5_0_0&sr_pri_blocks=884203702_430480745_5_0_0__43240&from=searchresults,Three-Bedroom Apartment with Sea View Bedroom 1: 1 queen bed Bedroom 2: 2 twin beds Bedroom 3: 2 twin beds Living room: 1 sofa bed Entire apartment 180 m² Private bathroom Free Wifi Biggest Apartment Available | Three-Bedroom Apartment with Sea View | Bedroom 1: 1 queen bed Bedroom 2: 2 twin beds Bedroom 3: 2 twin beds Living room: 1 sofa bed | Bedroom 1: 1 queen bed | Bedroom 1: | 1 queen bed | Bedroom 2: 2 twin beds | Bedroom 2: | 2 twin beds | Bedroom 3: 2 twin beds | Bedroom 3: | Living room: 1 sofa bed | Living room: | 1 sofa bed | Entire apartment 180 m² Private bathroom Free Wifi Biggest Apartment Available | Entire apartment 180 m² Private bathroom Free Wifi | Entire apartment | 180 m² | Private bathroom | Free Wifi | Biggest Apartment Available,× 7 Max. people: 7,"EGP 39,391","Free cancellation before July 5, 2026 • Pay nothing until July 3, 2026 discount may be available | Free cancellation before July 5, 2026 | Free cancellation | • Pay nothing until July 3, 2026 | • | Pay nothing until July 3, 2026 | discount may be available"
ابراج المنتزه,https://www.booking.com/hotel/eg/brj-lmntzh-wl-lmntzh.html?aid=304142&label=gen173nr-10CAQoggJCEXNlYXJjaF9hbGV4YW5kcmlhSDFYBGhDiAEBmAEzuAEXyAEM2AED6AEB-AEBiAIBqAIBuALvvNnPBsACAdICJGI3OWRhMjhlLTQ4YzMtNDU5Mi1hZGNkLTEzNDNiODk2ZTNlYdgCAeACAQ&ucfs=1&arphpl=1&checkin=2026-07-10&checkout=2026-07-15&group_adults=2&req_adults=2&no_rooms=1&group_children=0&req_children=0&hpos=10&hapos=10&sr_order=popularity&srpvid=b4918ff791bc0f60&srepoch=1777753715&all_sr_blocks=1565663301_427807349_4_0_0&highlighted_blocks=1565663301_427807349_4_0_0&matching_block_id=1565663301_427807349_4_0_0&sr_pri_blocks=1565663301_427807349_4_0_0__15000&from=searchresults,Studio Apartment with One Double Bed Bedroom 1: 2 queen beds Living room: 1 sofa bed Entire apartment 120 m² Private kitchen Private bathroom Balcony View Air conditioning Flat-screen TV Terrace Kitchen Washing machine | Studio Apartment with One Double Bed | Bedroom 1: 2 queen beds Living room: 1 sofa bed | Bedroom 1: 2 queen beds | Bedroom 1: | 2 queen beds | Living room: 1 sofa bed | Living room: | 1 sofa bed | Entire apartment 120 m² Private kitchen Private bathroom Balcony View Air conditioning Flat-screen TV Terrace Kitchen Washing machine | Entire apartment 120 m² Private kitchen Private bathroom Balcony View Air conditioning Flat-screen TV Terrace | Entire apartment | 120 m² | Private kitchen | Private bathroom | Balcony | View | Air conditioning | Flat-screen TV | Terrace | Kitchen Washing machine | Kitchen | Washing machine,Max. people: 4,"EGP 8,028","Free cancellation before 6:00 PM on July 10, 2026 No prepayment needed – pay at the property No credit card needed | Free cancellation before 6:00 PM on July 10, 2026 | Free cancellation | No prepayment needed – pay at the property | No prepayment needed | No credit card needed"
Tolip Hotel Alexandria,https://www.booking.com/hotel/eg/royal-tulip-alexandria.html?aid=304142&label=gen173nr-10CAQoggJCEXNlYXJjaF9hbGV4YW5kcmlhSDFYBGhDiAEBmAEzuAEXyAEM2AED6AEB-AEBiAIBqAIBuALvvNnPBsACAdICJGI3OWRhMjhlLTQ4YzMtNDU5Mi1hZGNkLTEzNDNiODk2ZTNlYdgCAeACAQ&ucfs=1&arphpl=1&checkin=2026-07-10&checkout=2026-07-15&group_adults=2&req_adults=2&no_rooms=1&group_children=0&req_children=0&hpos=1&hapos=1&sr_order=popularity&srpvid=b4918ff791bc0f60&srepoch=1777753715&all_sr_blocks=78883120_406187102_2_33_0_131741&highlighted_blocks=78883120_406187102_2_33_0_131741&matching_block_id=78883120_406187102_2_33_0_131741&sr_pri_blocks=78883120_406187102_2_33_0_131741_41250&from=searchresults,"Special Offer - Deluxe Room with City View - Egyptians and Residents Only We have 1 left Select your bed (if available) 2 twin beds 1 queen bed This twin/double room features a balcony, air conditioning and mini-bar. 1 room 34 m² Balcony City view Air conditioning Attached bathroom Flat-screen TV Terrace Minibar Free Wifi Free toiletries Bathrobe Safe Bidet Toilet Bathtub or shower Towels Linens Tile/Marble floor Desk Sitting area TV Slippers Telephone Satellite channels Tea/Coffee maker Heating Hairdryer Guest bathroom Carpeted Electric kettle Wardrobe or closet Upper floors accessible by elevator Clothes rack Toilet paper Single-room AC for guest accommodation Carbon monoxide detector | Special Offer - Deluxe Room with City View - Egyptians and Residents Only | We have 1 left | Select your bed (if available) 2 twin beds 1 queen bed | Select your bed (if available) | 2 twin beds | 1 queen bed | This twin/double room features a balcony, air conditioning and mini-bar. | 1 room 34 m² Balcony City view Air conditioning Attached bathroom Flat-screen TV Terrace Minibar Free Wifi Free toiletries Bathrobe Safe Bidet Toilet Bathtub or shower Towels Linens Tile/Marble floor Desk Sitting area TV Slippers Telephone Satellite channels Tea/Coffee maker Heating Hairdryer Guest bathroom Carpeted Electric kettle Wardrobe or closet Upper floors accessible by elevator Clothes rack Toilet paper Single-room AC for guest accommodation Carbon monoxide detector | 1 room 34 m² Balcony City view Air conditioning Attached bathroom Flat-screen TV Terrace Minibar Free Wifi | 1 room | 34 m² | Balcony | City view | Air conditioning | Attached bathroom | Flat-screen TV | Terrace | Minibar | Free Wifi | Free toiletries Bathrobe Safe Bidet Toilet Bathtub or shower Towels Linens Tile/Marble floor Desk Sitting area TV Slippers Telephone Satellite channels Tea/Coffee maker Heating Hairdryer Guest bathroom Carpeted Electric kettle Wardrobe or closet Upper floors accessible by elevator Clothes rack Toilet paper Single-room AC for guest accommodation Carbon monoxide detector | Free toiletries | Bathrobe | Safe | Bidet | Toilet | Bathtub or shower | Towels | Linens | Tile/Marble floor | Desk | Sitting area | TV | Slippers | Telephone | Satellite channels | Tea/Coffee maker | Heating | Hairdryer | Guest bathroom | Carpeted | Electric kettle | Wardrobe or closet | Upper floors accessible by elevator | Clothes rack | Toilet paper | Single-room AC for guest accommodation | Carbon monoxide detector",N/A,"EGP 22,077",N/A
Tolip Hotel Alexandria,https://www.booking.com/hotel/eg/royal-tulip-alexandria.html?aid=304142&label=gen173nr-10CAQoggJCEXNlYXJjaF9hbGV4YW5kcmlhSDFYBGhDiAEBmAEzuAEXyAEM2AED6AEB-AEBiAIBqAIBuALvvNnPBsACAdICJGI3OWRhMjhlLTQ4YzMtNDU5Mi1hZGNkLTEzNDNiODk2ZTNlYdgCAeACAQ&ucfs=1&arphpl=1&checkin=2026-07-10&checkout=2026-07-15&group_adults=2&req_adults=2&no_rooms=1&group_children=0&req_children=0&hpos=1&hapos=1&sr_order=popularity&srpvid=b4918ff791bc0f60&srepoch=1777753715&all_sr_blocks=78883120_406187102_2_33_0_131741&highlighted_blocks=78883120_406187102_2_33_0_131741&matching_block_id=78883120_406187102_2_33_0_131741&sr_pri_blocks=78883120_406187102_2_33_0_131741_41250&from=searchresults,N/A,Max. people: 1 | Max. people: 2 | Max. people: 4 | × 5 Max. people: 5,"EGP 21,341 | EGP 22,077 | EGP 30,440 | EGP 23,446 | EGP 28,700 | EGP 32,179 | EGP 24,867 | EGP 25,757 | EGP 30,172 | EGP 39,137 | EGP 30,551 | EGP 37,397 | EGP 41,746 | EGP 42,615 | EGP 33,393 | EGP 40,876 | EGP 55,661 | EGP 305,064 | EGP 266,626 | EGP 358,584 | EGP 313,402 | EGP 71,315 | EGP 76,534",N/A
Tolip Hotel Alexandria,https://www.booking.com/hotel/eg/royal-tulip-alexandria.html?aid=304142&label=gen173nr-10CAQoggJCEXNlYXJjaF9hbGV4YW5kcmlhSDFYBGhDiAEBmAEzuAEXyAEM2AED6AEB-AEBiAIBqAIBuALvvNnPBsACAdICJGI3OWRhMjhlLTQ4YzMtNDU5Mi1hZGNkLTEzNDNiODk2ZTNlYdgCAeACAQ&ucfs=1&arphpl=1&checkin=2026-07-10&checkout=2026-07-15&group_adults=2&req_adults=2&no_rooms=1&group_children=0&req_children=0&hpos=1&hapos=1&sr_order=popularity&srpvid=b4918ff791bc0f60&srepoch=1777753715&all_sr_blocks=78883120_406187102_2_33_0_131741&highlighted_blocks=78883120_406187102_2_33_0_131741&matching_block_id=78883120_406187102_2_33_0_131741&sr_pri_blocks=78883120_406187102_2_33_0_131741_41250&from=searchresults,"Special Offer - Double or Twin Room with Side Sea View - Egyptians and Residents Only We have 1 left Select your bed (if available) 2 twin beds 1 queen bed A seating area with a flat-screen TV, a desk, a terrace and a private bathroom are offered in this spacious twin/double room. 1 room 34 m² Balcony View Air conditioning Attached bathroom Flat-screen TV Terrace Minibar Free Wifi More | Special Offer - Double or Twin Room with Side Sea View - Egyptians and Residents Only | We have 1 left | Select your bed (if available) 2 twin beds 1 queen bed | Select your bed (if available) | 2 twin beds | 1 queen bed | A seating area with a flat-screen TV, a desk, a terrace and a private bathroom are offered in this spacious twin/double room. | 1 room 34 m² Balcony View Air conditioning Attached bathroom Flat-screen TV Terrace Minibar Free Wifi More | 1 room 34 m² Balcony View Air conditioning Attached bathroom Flat-screen TV Terrace Minibar Free Wifi | 1 room | 34 m² | Balcony | View | Air conditioning | Attached bathroom | Flat-screen TV | Terrace | Minibar | Free Wifi | More",N/A,"EGP 22,813",N/A
Tolip Hotel Alexandria,https://www.booking.com/hotel/eg/royal-tulip-alexandria.html?aid=304142&label=gen173nr-10CAQoggJCEXNlYXJjaF9hbGV4YW5kcmlhSDFYBGhDiAEBmAEzuAEXyAEM2AED6AEB-AEBiAIBqAIBuALvvNnPBsACAdICJGI3OWRhMjhlLTQ4YzMtNDU5Mi1hZGNkLTEzNDNiODk2ZTNlYdgCAeACAQ&ucfs=1&arphpl=1&checkin=2026-07-10&checkout=2026-07-15&group_adults=2&req_adults=2&no_rooms=1&group_children=0&req_children=0&hpos=1&hapos=1&sr_order=popularity&srpvid=b4918ff791bc0f60&srepoch=1777753715&all_sr_blocks=78883120_406187102_2_33_0_131741&highlighted_blocks=78883120_406187102_2_33_0_131741&matching_block_id=78883120_406187102_2_33_0_131741&sr_pri_blocks=78883120_406187102_2_33_0_131741_41250&from=searchresults,"Deluxe Double or Twin Room with City View We have 3 left Select your bed (if available) 2 twin beds 1 queen bed Offering a balcony overlooking the city, this modern, air-conditioned room includes a mini-bar, sitting area and flat-screen satellite TV. The private bathroom is fitted with a bath, shower and free toiletries. 1 room 34 m² Balcony City view Air conditioning Attached bathroom Flat-screen TV Terrace Minibar Free Wifi More | Deluxe Double or Twin Room with City View | We have 3 left | Select your bed (if available) 2 twin beds 1 queen bed | Select your bed (if available) | 2 twin beds | 1 queen bed | Offering a balcony overlooking the city, this modern, air-conditioned room includes a mini-bar, sitting area and flat-screen satellite TV. The private bathroom is fitted with a bath, shower and free toiletries. | 1 room 34 m² Balcony City view Air conditioning Attached bathroom Flat-screen TV Terrace Minibar Free Wifi More | 1 room 34 m² Balcony City view Air conditioning Attached bathroom Flat-screen TV Terrace Minibar Free Wifi | 1 room | 34 m² | Balcony | City view | Air conditioning | Attached bathroom | Flat-screen TV | Terrace | Minibar | Free Wifi | More",N/A,"EGP 24,867",N/A
Tolip Hotel Alexandria,https://www.booking.com/hotel/eg/royal-tulip-alexandria.html?aid=304142&label=gen173nr-10CAQoggJCEXNlYXJjaF9hbGV4YW5kcmlhSDFYBGhDiAEBmAEzuAEXyAEM2AED6AEB-AEBiAIBqAIBuALvvNnPBsACAdICJGI3OWRhMjhlLTQ4YzMtNDU5Mi1hZGNkLTEzNDNiODk2ZTNlYdgCAeACAQ&ucfs=1&arphpl=1&checkin=2026-07-10&checkout=2026-07-15&group_adults=2&req_adults=2&no_rooms=1&group_children=0&req_children=0&hpos=1&hapos=1&sr_order=popularity&srpvid=b4918ff791bc0f60&srepoch=1777753715&all_sr_blocks=78883120_406187102_2_33_0_131741&highlighted_blocks=78883120_406187102_2_33_0_131741&matching_block_id=78883120_406187102_2_33_0_131741&sr_pri_blocks=78883120_406187102_2_33_0_131741_41250&from=searchresults,"Double or Twin Room with Side Sea View We have 3 left Select your bed (if available) 2 twin beds 1 queen bed A seating area with a flat-screen TV, a desk, a terrace and a private bathroom are available in this spacious twin/double room. 1 room 34 m² Balcony View Air conditioning Attached bathroom Flat-screen TV Terrace Minibar Free Wifi More | Double or Twin Room with Side Sea View | We have 3 left | Select your bed (if available) 2 twin beds 1 queen bed | Select your bed (if available) | 2 twin beds | 1 queen bed | A seating area with a flat-screen TV, a desk, a terrace and a private bathroom are available in this spacious twin/double room. | 1 room 34 m² Balcony View Air conditioning Attached bathroom Flat-screen TV Terrace Minibar Free Wifi More | 1 room 34 m² Balcony View Air conditioning Attached bathroom Flat-screen TV Terrace Minibar Free Wifi | 1 room | 34 m² | Balcony | View | Air conditioning | Attached bathroom | Flat-screen TV | Terrace | Minibar | Free Wifi | More",N/A,"EGP 26,288",N/A
Tolip Hotel Alexandria,https://www.booking.com/hotel/eg/royal-tulip-alexandria.html?aid=304142&label=gen173nr-10CAQoggJCEXNlYXJjaF9hbGV4YW5kcmlhSDFYBGhDiAEBmAEzuAEXyAEM2AED6AEB-AEBiAIBqAIBuALvvNnPBsACAdICJGI3OWRhMjhlLTQ4YzMtNDU5Mi1hZGNkLTEzNDNiODk2ZTNlYdgCAeACAQ&ucfs=1&arphpl=1&checkin=2026-07-10&checkout=2026-07-15&group_adults=2&req_adults=2&no_rooms=1&group_children=0&req_children=0&hpos=1&hapos=1&sr_order=popularity&srpvid=b4918ff791bc0f60&srepoch=1777753715&all_sr_blocks=78883120_406187102_2_33_0_131741&highlighted_blocks=78883120_406187102_2_33_0_131741&matching_block_id=78883120_406187102_2_33_0_131741&sr_pri_blocks=78883120_406187102_2_33_0_131741_41250&from=searchresults,"Special Offer - Deluxe Room with Sea and Pool view - Egyptians and Residents Only We have 3 left Select your bed (if available) 2 twin beds 1 queen bed The spacious twin/double room provides air conditioning, a mini-bar, a terrace with pool views as well as a private bathroom featuring a bath. 1 room 34 m² Balcony Pool view Air conditioning Attached bathroom Flat-screen TV Terrace Minibar Free Wifi More | Special Offer - Deluxe Room with Sea and Pool view - Egyptians and Residents Only | We have 3 left | Select your bed (if available) 2 twin beds 1 queen bed | Select your bed (if available) | 2 twin beds | 1 queen bed | The spacious twin/double room provides air conditioning, a mini-bar, a terrace with pool views as well as a private bathroom featuring a bath. | 1 room 34 m² Balcony Pool view Air conditioning Attached bathroom Flat-screen TV Terrace Minibar Free Wifi More | 1 room 34 m² Balcony Pool view Air conditioning Attached bathroom Flat-screen TV Terrace Minibar Free Wifi | 1 room | 34 m² | Balcony | Pool view | Air conditioning | Attached bathroom | Flat-screen TV | Terrace | Minibar | Free Wifi | More",N/A,"EGP 26,492",N/A
Tolip Hotel Alexandria,https://www.booking.com/hotel/eg/royal-tulip-alexandria.html?aid=304142&label=gen173nr-10CAQoggJCEXNlYXJjaF9hbGV4YW5kcmlhSDFYBGhDiAEBmAEzuAEXyAEM2AED6AEB-AEBiAIBqAIBuALvvNnPBsACAdICJGI3OWRhMjhlLTQ4YzMtNDU5Mi1hZGNkLTEzNDNiODk2ZTNlYdgCAeACAQ&ucfs=1&arphpl=1&checkin=2026-07-10&checkout=2026-07-15&group_adults=2&req_adults=2&no_rooms=1&group_children=0&req_children=0&hpos=1&hapos=1&sr_order=popularity&srpvid=b4918ff791bc0f60&srepoch=1777753715&all_sr_blocks=78883120_406187102_2_33_0_131741&highlighted_blocks=78883120_406187102_2_33_0_131741&matching_block_id=78883120_406187102_2_33_0_131741&sr_pri_blocks=78883120_406187102_2_33_0_131741_41250&from=searchresults,"Special Offer - One-Bedroom Suite with Sea and Pool View - Egyptians and Residents Only 1 queen bed Boasting 1 bedroom, this spacious suite has 1 bathroom with a bath, a seating area and terrace where you can relax. The air-conditioned suite features a flat-screen TV with satellite channels, a mini-bar, a tea and coffee maker, a wardrobe as well as pool views. The unit offers 1 bed. Private suite 53 m² Balcony Pool view Air conditioning Attached bathroom Flat-screen TV Terrace Minibar Free Wifi More | Special Offer - One-Bedroom Suite with Sea and Pool View - Egyptians and Residents Only | 1 queen bed | Boasting 1 bedroom, this spacious suite has 1 bathroom with a bath, a seating area and terrace where you can relax. The air-conditioned suite features a flat-screen TV with satellite channels, a mini-bar, a tea and coffee maker, a wardrobe as well as pool views. The unit offers 1 bed. | Private suite 53 m² Balcony Pool view Air conditioning Attached bathroom Flat-screen TV Terrace Minibar Free Wifi More | Private suite 53 m² Balcony Pool view Air conditioning Attached bathroom Flat-screen TV Terrace Minibar Free Wifi | Private suite | 53 m² | Balcony | Pool view | Air conditioning | Attached bathroom | Flat-screen TV | Terrace | Minibar | Free Wifi | More",Max. people: 2,"EGP 30,172","Very good breakfast included Includes 10% off food/drink Free cancellation before 2:00 PM on July 10, 2026 No prepayment needed – pay at the property discount may be available • We have 5 left | Very good breakfast included | Very good breakfast | Includes 10% off food/drink | Free cancellation before 2:00 PM on July 10, 2026 | Free cancellation | No prepayment needed – pay at the property | No prepayment needed | discount may be available | • We have 5 left | • | We have 5 left"
Tolip Hotel Alexandria,https://www.booking.com/hotel/eg/royal-tulip-alexandria.html?aid=304142&label=gen173nr-10CAQoggJCEXNlYXJjaF9hbGV4YW5kcmlhSDFYBGhDiAEBmAEzuAEXyAEM2AED6AEB-AEBiAIBqAIBuALvvNnPBsACAdICJGI3OWRhMjhlLTQ4YzMtNDU5Mi1hZGNkLTEzNDNiODk2ZTNlYdgCAeACAQ&ucfs=1&arphpl=1&checkin=2026-07-10&checkout=2026-07-15&group_adults=2&req_adults=2&no_rooms=1&group_children=0&req_children=0&hpos=1&hapos=1&sr_order=popularity&srpvid=b4918ff791bc0f60&srepoch=1777753715&all_sr_blocks=78883120_406187102_2_33_0_131741&highlighted_blocks=78883120_406187102_2_33_0_131741&matching_block_id=78883120_406187102_2_33_0_131741&sr_pri_blocks=78883120_406187102_2_33_0_131741_41250&from=searchresults,"Special Offer - Deluxe Room with Frontal Sea View - Egyptians and Residents Only We have 5 left Select your bed (if available) 2 twin beds 1 queen bed The spacious twin/double room provides air conditioning, a mini-bar, a terrace with sea views as well as a private bathroom featuring a bath. 1 room 34 m² Balcony Sea view Air conditioning Attached bathroom Flat-screen TV Terrace Minibar Free Wifi More | Special Offer - Deluxe Room with Frontal Sea View - Egyptians and Residents Only | We have 5 left | Select your bed (if available) 2 twin beds 1 queen bed | Select your bed (if available) | 2 twin beds | 1 queen bed | The spacious twin/double room provides air conditioning, a mini-bar, a terrace with sea views as well as a private bathroom featuring a bath. | 1 room 34 m² Balcony Sea view Air conditioning Attached bathroom Flat-screen TV Terrace Minibar Free Wifi More | 1 room 34 m² Balcony Sea view Air conditioning Attached bathroom Flat-screen TV Terrace Minibar Free Wifi | 1 room | 34 m² | Balcony | Sea view | Air conditioning | Attached bathroom | Flat-screen TV | Terrace | Minibar | Free Wifi | More",N/A,"EGP 30,908",N/A
Tolip Hotel Alexandria,https://www.booking.com/hotel/eg/royal-tulip-alexandria.html?aid=304142&label=gen173nr-10CAQoggJCEXNlYXJjaF9hbGV4YW5kcmlhSDFYBGhDiAEBmAEzuAEXyAEM2AED6AEB-AEBiAIBqAIBuALvvNnPBsACAdICJGI3OWRhMjhlLTQ4YzMtNDU5Mi1hZGNkLTEzNDNiODk2ZTNlYdgCAeACAQ&ucfs=1&arphpl=1&checkin=2026-07-10&checkout=2026-07-15&group_adults=2&req_adults=2&no_rooms=1&group_children=0&req_children=0&hpos=1&hapos=1&sr_order=popularity&srpvid=b4918ff791bc0f60&srepoch=1777753715&all_sr_blocks=78883120_406187102_2_33_0_131741&highlighted_blocks=78883120_406187102_2_33_0_131741&matching_block_id=78883120_406187102_2_33_0_131741&sr_pri_blocks=78883120_406187102_2_33_0_131741_41250&from=searchresults,"Deluxe Double or Twin Room with Sea and Pool View We have 3 left Select your bed (if available) 2 twin beds 1 queen bed Offering a balcony with partial sea views, this modern, air-conditioned room includes a mini-bar, sitting area and flat-screen satellite TV. The private bathroom is fitted with a bath, shower and free toiletries. 1 room 34 m² Balcony Pool view Air conditioning Attached bathroom Flat-screen TV Terrace Minibar Free Wifi More | Deluxe Double or Twin Room with Sea and Pool View | We have 3 left | Select your bed (if available) 2 twin beds 1 queen bed | Select your bed (if available) | 2 twin beds | 1 queen bed | Offering a balcony with partial sea views, this modern, air-conditioned room includes a mini-bar, sitting area and flat-screen satellite TV. The private bathroom is fitted with a bath, shower and free toiletries. | 1 room 34 m² Balcony Pool view Air conditioning Attached bathroom Flat-screen TV Terrace Minibar Free Wifi More | 1 room 34 m² Balcony Pool view Air conditioning Attached bathroom Flat-screen TV Terrace Minibar Free Wifi | 1 room | 34 m² | Balcony | Pool view | Air conditioning | Attached bathroom | Flat-screen TV | Terrace | Minibar | Free Wifi | More",N/A,"EGP 31,972",N/A
Tolip Hotel Alexandria,https://www.booking.com/hotel/eg/royal-tulip-alexandria.html?aid=304142&label=gen173nr-10CAQoggJCEXNlYXJjaF9hbGV4YW5kcmlhSDFYBGhDiAEBmAEzuAEXyAEM2AED6AEB-AEBiAIBqAIBuALvvNnPBsACAdICJGI3OWRhMjhlLTQ4YzMtNDU5Mi1hZGNkLTEzNDNiODk2ZTNlYdgCAeACAQ&ucfs=1&arphpl=1&checkin=2026-07-10&checkout=2026-07-15&group_adults=2&req_adults=2&no_rooms=1&group_children=0&req_children=0&hpos=1&hapos=1&sr_order=popularity&srpvid=b4918ff791bc0f60&srepoch=1777753715&all_sr_blocks=78883120_406187102_2_33_0_131741&highlighted_blocks=78883120_406187102_2_33_0_131741&matching_block_id=78883120_406187102_2_33_0_131741&sr_pri_blocks=78883120_406187102_2_33_0_131741_41250&from=searchresults,"One-Bedroom Suite with Sea and Pool View We have 4 left 1 queen bed Offering partial views of the sea, this modern, air-conditioned suite includes a mini-bar and a dining table. It features a separate living room with a flat-screen satellite TV. The private bathroom is fitted with a bath, shower and free toiletries. Private suite 53 m² Balcony Sea view Pool view Air conditioning Attached bathroom Flat-screen TV Terrace Minibar Free Wifi More | One-Bedroom Suite with Sea and Pool View | We have 4 left | 1 queen bed | Offering partial views of the sea, this modern, air-conditioned suite includes a mini-bar and a dining table. It features a separate living room with a flat-screen satellite TV. The private bathroom is fitted with a bath, shower and free toiletries. | Private suite 53 m² Balcony Sea view Pool view Air conditioning Attached bathroom Flat-screen TV Terrace Minibar Free Wifi More | Private suite 53 m² Balcony Sea view Pool view Air conditioning Attached bathroom Flat-screen TV Terrace Minibar Free Wifi | Private suite | 53 m² | Balcony | Sea view | Pool view | Air conditioning | Attached bathroom | Flat-screen TV | Terrace | Minibar | Free Wifi | More",N/A,"EGP 34,103",N/A
Tolip Hotel Alexandria,https://www.booking.com/hotel/eg/royal-tulip-alexandria.html?aid=304142&label=gen173nr-10CAQoggJCEXNlYXJjaF9hbGV4YW5kcmlhSDFYBGhDiAEBmAEzuAEXyAEM2AED6AEB-AEBiAIBqAIBuALvvNnPBsACAdICJGI3OWRhMjhlLTQ4YzMtNDU5Mi1hZGNkLTEzNDNiODk2ZTNlYdgCAeACAQ&ucfs=1&arphpl=1&checkin=2026-07-10&checkout=2026-07-15&group_adults=2&req_adults=2&no_rooms=1&group_children=0&req_children=0&hpos=1&hapos=1&sr_order=popularity&srpvid=b4918ff791bc0f60&srepoch=1777753715&all_sr_blocks=78883120_406187102_2_33_0_131741&highlighted_blocks=78883120_406187102_2_33_0_131741&matching_block_id=78883120_406187102_2_33_0_131741&sr_pri_blocks=78883120_406187102_2_33_0_131741_41250&from=searchresults,"Deluxe Double Room with Frontal Sea View We have 3 left Select your bed (if available) 2 twin beds 1 queen bed Offering a balcony overlooking the sea, this modern, air-conditioned room includes a mini-bar, sitting area and flat-screen satellite TV. The private bathroom is fitted with a bath, shower and free toiletries. 1 room 34 m² Balcony Sea view Air conditioning Attached bathroom Flat-screen TV Terrace Minibar Free Wifi More | Deluxe Double Room with Frontal Sea View | We have 3 left | Select your bed (if available) 2 twin beds 1 queen bed | Select your bed (if available) | 2 twin beds | 1 queen bed | Offering a balcony overlooking the sea, this modern, air-conditioned room includes a mini-bar, sitting area and flat-screen satellite TV. The private bathroom is fitted with a bath, shower and free toiletries. | 1 room 34 m² Balcony Sea view Air conditioning Attached bathroom Flat-screen TV Terrace Minibar Free Wifi More | 1 room 34 m² Balcony Sea view Air conditioning Attached bathroom Flat-screen TV Terrace Minibar Free Wifi | 1 room | 34 m² | Balcony | Sea view | Air conditioning | Attached bathroom | Flat-screen TV | Terrace | Minibar | Free Wifi | More",N/A,"EGP 34,814",N/A
Tolip Hotel Alexandria,https://www.booking.com/hotel/eg/royal-tulip-alexandria.html?aid=304142&label=gen173nr-10CAQoggJCEXNlYXJjaF9hbGV4YW5kcmlhSDFYBGhDiAEBmAEzuAEXyAEM2AED6AEB-AEBiAIBqAIBuALvvNnPBsACAdICJGI3OWRhMjhlLTQ4YzMtNDU5Mi1hZGNkLTEzNDNiODk2ZTNlYdgCAeACAQ&ucfs=1&arphpl=1&checkin=2026-07-10&checkout=2026-07-15&group_adults=2&req_adults=2&no_rooms=1&group_children=0&req_children=0&hpos=1&hapos=1&sr_order=popularity&srpvid=b4918ff791bc0f60&srepoch=1777753715&all_sr_blocks=78883120_406187102_2_33_0_131741&highlighted_blocks=78883120_406187102_2_33_0_131741&matching_block_id=78883120_406187102_2_33_0_131741&sr_pri_blocks=78883120_406187102_2_33_0_131741_41250&from=searchresults,"Family Room Side Sea View We have 4 left High floor 2 twin beds and 1 queen bed Offering views of the city, this modern, spacious room includes air conditioning. It features a mini-bar, sitting area and flat-screen satellite TV. The private bathroom is fitted with a bath, shower and free toiletries. 1 room 62 m² Balcony City view Air conditioning Attached bathroom Flat-screen TV Terrace Minibar Free Wifi More | Family Room Side Sea View | We have 4 left | High floor | 2 twin beds and 1 queen bed | 2 twin beds and | 2 twin beds | 1 queen bed | Offering views of the city, this modern, spacious room includes air conditioning. It features a mini-bar, sitting area and flat-screen satellite TV. The private bathroom is fitted with a bath, shower and free toiletries. | 1 room 62 m² Balcony City view Air conditioning Attached bathroom Flat-screen TV Terrace Minibar Free Wifi More | 1 room 62 m² Balcony City view Air conditioning Attached bathroom Flat-screen TV Terrace Minibar Free Wifi | 1 room | 62 m² | Balcony | City view | Air conditioning | Attached bathroom | Flat-screen TV | Terrace | Minibar | Free Wifi | More",N/A,"EGP 45,471",N/A
Tolip Hotel Alexandria,https://www.booking.com/hotel/eg/royal-tulip-alexandria.html?aid=304142&label=gen173nr-10CAQoggJCEXNlYXJjaF9hbGV4YW5kcmlhSDFYBGhDiAEBmAEzuAEXyAEM2AED6AEB-AEBiAIBqAIBuALvvNnPBsACAdICJGI3OWRhMjhlLTQ4YzMtNDU5Mi1hZGNkLTEzNDNiODk2ZTNlYdgCAeACAQ&ucfs=1&arphpl=1&checkin=2026-07-10&checkout=2026-07-15&group_adults=2&req_adults=2&no_rooms=1&group_children=0&req_children=0&hpos=1&hapos=1&sr_order=popularity&srpvid=b4918ff791bc0f60&srepoch=1777753715&all_sr_blocks=78883120_406187102_2_33_0_131741&highlighted_blocks=78883120_406187102_2_33_0_131741&matching_block_id=78883120_406187102_2_33_0_131741&sr_pri_blocks=78883120_406187102_2_33_0_131741_41250&from=searchresults,"Special Offer - Family Room with Side Sea View - Egyptians and Residents Only High floor 2 twin beds and 1 queen bed Offering views of the city, this modern, spacious room includes air conditioning. It features a mini-bar, sitting area and flat-screen satellite TV. The private bathroom is fitted with a bath, shower and free toiletries. 1 room 62 m² Balcony View Air conditioning Attached bathroom Flat-screen TV Terrace Minibar Free Wifi More | Special Offer - Family Room with Side Sea View - Egyptians and Residents Only | High floor | 2 twin beds and 1 queen bed | 2 twin beds and | 2 twin beds | 1 queen bed | Offering views of the city, this modern, spacious room includes air conditioning. It features a mini-bar, sitting area and flat-screen satellite TV. The private bathroom is fitted with a bath, shower and free toiletries. | 1 room 62 m² Balcony View Air conditioning Attached bathroom Flat-screen TV Terrace Minibar Free Wifi More | 1 room 62 m² Balcony View Air conditioning Attached bathroom Flat-screen TV Terrace Minibar Free Wifi | 1 room | 62 m² | Balcony | View | Air conditioning | Attached bathroom | Flat-screen TV | Terrace | Minibar | Free Wifi | More",Max. people: 4,"EGP 48,569","Very good breakfast included Includes 10% off food/drink Free cancellation before 2:00 PM on July 10, 2026 No prepayment needed – pay at the property discount may be available • We have 5 left | Very good breakfast included | Very good breakfast | Includes 10% off food/drink | Free cancellation before 2:00 PM on July 10, 2026 | Free cancellation | No prepayment needed – pay at the property | No prepayment needed | discount may be available | • We have 5 left | • | We have 5 left"
Tolip Hotel Alexandria,https://www.booking.com/hotel/eg/royal-tulip-alexandria.html?aid=304142&label=gen173nr-10CAQoggJCEXNlYXJjaF9hbGV4YW5kcmlhSDFYBGhDiAEBmAEzuAEXyAEM2AED6AEB-AEBiAIBqAIBuALvvNnPBsACAdICJGI3OWRhMjhlLTQ4YzMtNDU5Mi1hZGNkLTEzNDNiODk2ZTNlYdgCAeACAQ&ucfs=1&arphpl=1&checkin=2026-07-10&checkout=2026-07-15&group_adults=2&req_adults=2&no_rooms=1&group_children=0&req_children=0&hpos=1&hapos=1&sr_order=popularity&srpvid=b4918ff791bc0f60&srepoch=1777753715&all_sr_blocks=78883120_406187102_2_33_0_131741&highlighted_blocks=78883120_406187102_2_33_0_131741&matching_block_id=78883120_406187102_2_33_0_131741&sr_pri_blocks=78883120_406187102_2_33_0_131741_41250&from=searchresults,"Special Offer - Family Room with Frontal Sea View - Egyptians and Residents Only 2 twin beds and 1 queen bed Offering views of the sea, this modern, spacious room includes air conditioning. It features a mini-bar, sitting area and flat-screen satellite TV. The private bathroom is fitted with a bath, shower and free toiletries. 1 room 62 m² Balcony Sea view Air conditioning Attached bathroom Flat-screen TV Terrace Minibar Free Wifi More | Special Offer - Family Room with Frontal Sea View - Egyptians and Residents Only | 2 twin beds and 1 queen bed | 2 twin beds and | 2 twin beds | 1 queen bed | Offering views of the sea, this modern, spacious room includes air conditioning. It features a mini-bar, sitting area and flat-screen satellite TV. The private bathroom is fitted with a bath, shower and free toiletries. | 1 room 62 m² Balcony Sea view Air conditioning Attached bathroom Flat-screen TV Terrace Minibar Free Wifi More | 1 room 62 m² Balcony Sea view Air conditioning Attached bathroom Flat-screen TV Terrace Minibar Free Wifi | 1 room | 62 m² | Balcony | Sea view | Air conditioning | Attached bathroom | Flat-screen TV | Terrace | Minibar | Free Wifi | More",Max. people: 4,"EGP 67,703","Very good breakfast included Includes 10% off food/drink Free cancellation before 2:00 PM on July 10, 2026 No prepayment needed – pay at the property discount may be available • We have 5 left | Very good breakfast included | Very good breakfast | Includes 10% off food/drink | Free cancellation before 2:00 PM on July 10, 2026 | Free cancellation | No prepayment needed – pay at the property | No prepayment needed | discount may be available | • We have 5 left | • | We have 5 left"
Tolip Hotel Alexandria,https://www.booking.com/hotel/eg/royal-tulip-alexandria.html?aid=304142&label=gen173nr-10CAQoggJCEXNlYXJjaF9hbGV4YW5kcmlhSDFYBGhDiAEBmAEzuAEXyAEM2AED6AEB-AEBiAIBqAIBuALvvNnPBsACAdICJGI3OWRhMjhlLTQ4YzMtNDU5Mi1hZGNkLTEzNDNiODk2ZTNlYdgCAeACAQ&ucfs=1&arphpl=1&checkin=2026-07-10&checkout=2026-07-15&group_adults=2&req_adults=2&no_rooms=1&group_children=0&req_children=0&hpos=1&hapos=1&sr_order=popularity&srpvid=b4918ff791bc0f60&srepoch=1777753715&all_sr_blocks=78883120_406187102_2_33_0_131741&highlighted_blocks=78883120_406187102_2_33_0_131741&matching_block_id=78883120_406187102_2_33_0_131741&sr_pri_blocks=78883120_406187102_2_33_0_131741_41250&from=searchresults,"Special Offer - Two-Bedroom Suite Sea and Pool View - Egyptians and Residents Only High floor Bedroom 1: 2 twin beds Bedroom 2: 1 queen bed This spacious suite includes 1 living room, 2 separate bedrooms and 1 bathroom with a bath and free toiletries. The air-conditioned suite offers a flat-screen TV with satellite channels, a mini-bar, a tea and coffee maker, a seating area as well as sea views. The unit has 3 beds. Private suite 87 m² Balcony Sea view Pool view Air conditioning Attached bathroom Flat-screen TV Terrace Minibar Free Wifi More | Special Offer - Two-Bedroom Suite Sea and Pool View - Egyptians and Residents Only | High floor | Bedroom 1: 2 twin beds Bedroom 2: 1 queen bed | Bedroom 1: 2 twin beds | Bedroom 1: | 2 twin beds | Bedroom 2: 1 queen bed | Bedroom 2: | 1 queen bed | This spacious suite includes 1 living room, 2 separate bedrooms and 1 bathroom with a bath and free toiletries. The air-conditioned suite offers a flat-screen TV with satellite channels, a mini-bar, a tea and coffee maker, a seating area as well as sea views. The unit has 3 beds. | Private suite 87 m² Balcony Sea view Pool view Air conditioning Attached bathroom Flat-screen TV Terrace Minibar Free Wifi More | Private suite 87 m² Balcony Sea view Pool view Air conditioning Attached bathroom Flat-screen TV Terrace Minibar Free Wifi | Private suite | 87 m² | Balcony | Sea view | Pool view | Air conditioning | Attached bathroom | Flat-screen TV | Terrace | Minibar | Free Wifi | More",Max. people: 4,"EGP 67,703","Very good breakfast included Includes 10% off food/drink Free cancellation before 2:00 PM on July 10, 2026 No prepayment needed – pay at the property discount may be available • We have 5 left | Very good breakfast included | Very good breakfast | Includes 10% off food/drink | Free cancellation before 2:00 PM on July 10, 2026 | Free cancellation | No prepayment needed – pay at the property | No prepayment needed | discount may be available | • We have 5 left | • | We have 5 left"
Tolip Hotel Alexandria,https://www.booking.com/hotel/eg/royal-tulip-alexandria.html?aid=304142&label=gen173nr-10CAQoggJCEXNlYXJjaF9hbGV4YW5kcmlhSDFYBGhDiAEBmAEzuAEXyAEM2AED6AEB-AEBiAIBqAIBuALvvNnPBsACAdICJGI3OWRhMjhlLTQ4YzMtNDU5Mi1hZGNkLTEzNDNiODk2ZTNlYdgCAeACAQ&ucfs=1&arphpl=1&checkin=2026-07-10&checkout=2026-07-15&group_adults=2&req_adults=2&no_rooms=1&group_children=0&req_children=0&hpos=1&hapos=1&sr_order=popularity&srpvid=b4918ff791bc0f60&srepoch=1777753715&all_sr_blocks=78883120_406187102_2_33_0_131741&highlighted_blocks=78883120_406187102_2_33_0_131741&matching_block_id=78883120_406187102_2_33_0_131741&sr_pri_blocks=78883120_406187102_2_33_0_131741_41250&from=searchresults,"Presidential Villa We have 1 left High floor Bedroom 1: 1 king bed Bedroom 2: 1 king bed This villa consists of 1 living room, 2 separate bedrooms and 3 bathrooms with a bath and free toiletries. This air-conditioned villa comes with a dining area, a flat-screen TV with satellite channels a mini-bar and a terrace. The unit offers 2 beds. Entire villa 100 m² Balcony View Air conditioning Attached bathroom Flat-screen TV Terrace Minibar Free Wifi More | Presidential Villa | We have 1 left | High floor | Bedroom 1: 1 king bed Bedroom 2: 1 king bed | Bedroom 1: 1 king bed | Bedroom 1: | 1 king bed | Bedroom 2: 1 king bed | Bedroom 2: | This villa consists of 1 living room, 2 separate bedrooms and 3 bathrooms with a bath and free toiletries. This air-conditioned villa comes with a dining area, a flat-screen TV with satellite channels a mini-bar and a terrace. The unit offers 2 beds. | Entire villa 100 m² Balcony View Air conditioning Attached bathroom Flat-screen TV Terrace Minibar Free Wifi More | Entire villa 100 m² Balcony View Air conditioning Attached bathroom Flat-screen TV Terrace Minibar Free Wifi | Entire villa | 100 m² | Balcony | View | Air conditioning | Attached bathroom | Flat-screen TV | Terrace | Minibar | Free Wifi | More",N/A,"EGP 274,558",N/A
Tolip Hotel Alexandria,https://www.booking.com/hotel/eg/royal-tulip-alexandria.html?aid=304142&label=gen173nr-10CAQoggJCEXNlYXJjaF9hbGV4YW5kcmlhSDFYBGhDiAEBmAEzuAEXyAEM2AED6AEB-AEBiAIBqAIBuALvvNnPBsACAdICJGI3OWRhMjhlLTQ4YzMtNDU5Mi1hZGNkLTEzNDNiODk2ZTNlYdgCAeACAQ&ucfs=1&arphpl=1&checkin=2026-07-10&checkout=2026-07-15&group_adults=2&req_adults=2&no_rooms=1&group_children=0&req_children=0&hpos=1&hapos=1&sr_order=popularity&srpvid=b4918ff791bc0f60&srepoch=1777753715&all_sr_blocks=78883120_406187102_2_33_0_131741&highlighted_blocks=78883120_406187102_2_33_0_131741&matching_block_id=78883120_406187102_2_33_0_131741&sr_pri_blocks=78883120_406187102_2_33_0_131741_41250&from=searchresults,"Royal Villa We have 1 left High floor Bedroom 1: 1 king bed Bedroom 2: 1 king bed This villa features 1 living room, 2 separate bedrooms and 3 bathrooms with a bath and free toiletries. The air-conditioned villa features a flat-screen TV with satellite channels, a mini-bar, a tea and coffee maker, a seating area as well as sea views. The unit has 2 beds. Entire villa 120 m² Balcony Sea view Air conditioning Attached bathroom Flat-screen TV Terrace Minibar Free Wifi More | Royal Villa | We have 1 left | High floor | Bedroom 1: 1 king bed Bedroom 2: 1 king bed | Bedroom 1: 1 king bed | Bedroom 1: | 1 king bed | Bedroom 2: 1 king bed | Bedroom 2: | This villa features 1 living room, 2 separate bedrooms and 3 bathrooms with a bath and free toiletries. The air-conditioned villa features a flat-screen TV with satellite channels, a mini-bar, a tea and coffee maker, a seating area as well as sea views. The unit has 2 beds. | Entire villa 120 m² Balcony Sea view Air conditioning Attached bathroom Flat-screen TV Terrace Minibar Free Wifi More | Entire villa 120 m² Balcony Sea view Air conditioning Attached bathroom Flat-screen TV Terrace Minibar Free Wifi | Entire villa | 120 m² | Balcony | Sea view | Air conditioning | Attached bathroom | Flat-screen TV | Terrace | Minibar | Free Wifi | More",N/A,"EGP 322,726",N/A
Tolip Hotel Alexandria,https://www.booking.com/hotel/eg/royal-tulip-alexandria.html?aid=304142&label=gen173nr-10CAQoggJCEXNlYXJjaF9hbGV4YW5kcmlhSDFYBGhDiAEBmAEzuAEXyAEM2AED6AEB-AEBiAIBqAIBuALvvNnPBsACAdICJGI3OWRhMjhlLTQ4YzMtNDU5Mi1hZGNkLTEzNDNiODk2ZTNlYdgCAeACAQ&ucfs=1&arphpl=1&checkin=2026-07-10&checkout=2026-07-15&group_adults=2&req_adults=2&no_rooms=1&group_children=0&req_children=0&hpos=1&hapos=1&sr_order=popularity&srpvid=b4918ff791bc0f60&srepoch=1777753715&all_sr_blocks=78883120_406187102_2_33_0_131741&highlighted_blocks=78883120_406187102_2_33_0_131741&matching_block_id=78883120_406187102_2_33_0_131741&sr_pri_blocks=78883120_406187102_2_33_0_131741_41250&from=searchresults,"Family Room Sea Front We have 4 left 2 twin beds and 1 queen bed Offering views of the sea, this modern, spacious room includes air conditioning. It features a mini-bar, sitting area and flat-screen satellite TV. The private bathroom is fitted with a bath, shower and free toiletries. 1 room 62 m² Balcony Sea view Air conditioning Attached bathroom Flat-screen TV Terrace Minibar Free Wifi More | Family Room Sea Front | We have 4 left | 2 twin beds and 1 queen bed | 2 twin beds and | 2 twin beds | 1 queen bed | Offering views of the sea, this modern, spacious room includes air conditioning. It features a mini-bar, sitting area and flat-screen satellite TV. The private bathroom is fitted with a bath, shower and free toiletries. | 1 room 62 m² Balcony Sea view Air conditioning Attached bathroom Flat-screen TV Terrace Minibar Free Wifi More | 1 room 62 m² Balcony Sea view Air conditioning Attached bathroom Flat-screen TV Terrace Minibar Free Wifi | 1 room | 62 m² | Balcony | Sea view | Air conditioning | Attached bathroom | Flat-screen TV | Terrace | Minibar | Free Wifi | More",N/A,"EGP 58,259",N/A
Tolip Hotel Alexandria,https://www.booking.com/hotel/eg/royal-tulip-alexandria.html?aid=304142&label=gen173nr-10CAQoggJCEXNlYXJjaF9hbGV4YW5kcmlhSDFYBGhDiAEBmAEzuAEXyAEM2AED6AEB-AEBiAIBqAIBuALvvNnPBsACAdICJGI3OWRhMjhlLTQ4YzMtNDU5Mi1hZGNkLTEzNDNiODk2ZTNlYdgCAeACAQ&ucfs=1&arphpl=1&checkin=2026-07-10&checkout=2026-07-15&group_adults=2&req_adults=2&no_rooms=1&group_children=0&req_children=0&hpos=1&hapos=1&sr_order=popularity&srpvid=b4918ff791bc0f60&srepoch=1777753715&all_sr_blocks=78883120_406187102_2_33_0_131741&highlighted_blocks=78883120_406187102_2_33_0_131741&matching_block_id=78883120_406187102_2_33_0_131741&sr_pri_blocks=78883120_406187102_2_33_0_131741_41250&from=searchresults,"Two-Bedroom Suite with Sea and Pool View We have 4 left High floor Bedroom 1: 2 twin beds Bedroom 2: 1 queen bed Offering partial views of the sea, this modern, spacious suite includes air conditioning, a mini-bar and a dining table. It features a separate living room with a flat-screen satellite TV. The private bathroom is fitted with a bath, shower and free toiletries. Private suite 87 m² Balcony Sea view Pool view Air conditioning Attached bathroom Flat-screen TV Terrace Minibar Free Wifi More | Two-Bedroom Suite with Sea and Pool View | We have 4 left | High floor | Bedroom 1: 2 twin beds Bedroom 2: 1 queen bed | Bedroom 1: 2 twin beds | Bedroom 1: | 2 twin beds | Bedroom 2: 1 queen bed | Bedroom 2: | 1 queen bed | Offering partial views of the sea, this modern, spacious suite includes air conditioning, a mini-bar and a dining table. It features a separate living room with a flat-screen satellite TV. The private bathroom is fitted with a bath, shower and free toiletries. | Private suite 87 m² Balcony Sea view Pool view Air conditioning Attached bathroom Flat-screen TV Terrace Minibar Free Wifi More | Private suite 87 m² Balcony Sea view Pool view Air conditioning Attached bathroom Flat-screen TV Terrace Minibar Free Wifi | Private suite | 87 m² | Balcony | Sea view | Pool view | Air conditioning | Attached bathroom | Flat-screen TV | Terrace | Minibar | Free Wifi | More",N/A,"EGP 62,522",N/A
